temperature,humidity,pressure,wind_speed,cloud_cover,weather_condition
14.9816047538945,34.81063430708957,995.7023410241544,20.18108982626694,57.19958782835928,1
38.02857225639664,63.35207579026865,994.81872794432,23.90044191574117,80.54323292999864,1
29.279757672456203,89.83566687011266,1034.3752748312622,7.514036963774969,76.01609297901591,2
23.946339367881464,78.5779909127649,994.9727719909704,18.74622298820997,15.389990469377368,2
6.240745617697461,84.52489182891598,996.3169835677179,17.15237949431246,14.92494697414739,3
6.239780813448106,72.70266933685738,1025.5638957450778,24.984911303648133,26.817436774491334,2
2.3233444867279784,75.3821251614282,1006.9843905470324,27.182611814437816,36.10747263410372,3
34.647045830997406,87.93565212522554,1026.602633417311,0.3647031443216042,40.84555814084826,3
24.04460046972835,39.97344070873488,983.9219694538631,20.22059757176378,67.96972168333453,1
28.322903111841818,59.15399709145124,1009.2542716204031,1.5550739735918706,5.66804321658354,2
0.8233797718320979,37.69675534556818,982.016816010997,16.465759952320678,3.4672704226066386,1
38.79639408647977,99.01344063973175,983.7591922073212,8.628981871310346,39.191056294390904,3
33.29770563201687,95.52474717492906,1034.3862472006647,9.203297985664236,69.71636921379805,1
8.493564427131046,23.154144909480472,988.3547222670558,10.588755103570698,19.343534295648258,2
7.272998688284025,76.44601380125508,1011.9452409365131,18.638773471488303,64.15044812562518,1
7.336180394137353,94.01986539325327,1004.6657361560424,10.021498970063076,25.982813794029948,0
12.169689718381509,34.44602761018668,1000.8405995755305,21.98097151770841,88.60861088135164,1
20.990257265289515,65.43561844421035,1033.9900007412364,12.135821567216091,89.56899442666165,1
17.27780074568463,93.23906380704335,981.3094038065294,2.0505960092987587,29.72872042813265,2
11.649165607921677,22.715678286863906,1019.8273811705353,23.512795274523217,22.99937539632405,0
24.47411578889518,75.7936213797472,1037.803666052813,8.57274973778118,41.13039720662313,3
5.579754426081673,43.78792058980406,1013.6100910077105,12.983006387977879,24.05315851801487,2
11.685785941408726,93.95169563012243,1036.2093477219855,20.563316496657045,67.23838432917036,1
14.654473731747668,97.68465961322943,983.1354727571614,9.97368471446136,82.60646845482856,2
18.24279936868144,95.54131912907471,1005.1275991444497,1.6975696844014687,67.3092130911217,1
31.407038455720546,57.9371373325971,995.6094674577231,11.217631410384408,82.43504472493495,1
7.986951286334389,88.96341207914507,1023.8492578988438,28.333457480829104,39.69921622074742,2
20.569377536544465,87.56395188280563,1038.8778254298347,19.252031918956746,15.631697070886085,0
23.6965827544817,45.528037859460454,995.3918037466549,20.14437446001621,73.79509473975922,1
1.858016508799909,86.3132379320542,1019.2504760884444,18.968464609129196,36.047450514155386,2
24.301794076057533,22.96061077723941,991.8858579655844,5.969764168783104,67.12708252291326,1
6.820964947491661,67.70159027856424,1013.9198152742966,12.550015923068404,27.064394198176565,2
2.6020637194111806,38.40070698301624,1007.8359492013002,22.52819395089955,8.122963480667266,3
37.95542149013333,29.645350862182305,1038.320319777892,3.0411869265947744,99.25817954877634,1
38.625281322982374,26.156256130336732,1016.511636361788,8.335583282691367,15.620150793059928,0
32.33589392465844,75.70310207025118,1000.9703823252091,8.289573253975608,98.8420993963481,1
12.184550766934827,47.18999710144529,986.845747093276,12.96056782783518,97.72799325664472,1
3.906884560255355,77.98134172230093,989.0748097240961,29.411062228265553,79.38181039080396,1
27.369321060486275,25.22850726391539,993.5190157970741,2.025076400514658,65.94229620819976,1
17.606099749584054,45.223227026448825,995.0579996804179,15.561029831417851,57.78070502510847,1
4.881529393791153,63.15930339002698,1031.0369634704682,5.380940460366314,86.61015453778347,1
19.807076404450807,83.25785318711709,1013.6733672969515,29.120296362292322,28.943952161948793,2
1.3755408446087358,45.5002002345656,1011.403454682462,3.399105141823926,46.7681212484877,1
36.372816083151285,70.07131011496072,986.886132312153,12.108030070847738,61.93899693665019,1
10.351199264000677,90.87821985889497,1031.6083816009661,22.136549545038186,41.11904758694911,0
26.50089137415928,69.26905505458436,1023.368858192509,21.13663284082336,42.7486454090268,2
12.468443043576439,38.6367579802907,984.0601017140001,12.681859106817967,33.02846675020844,0
20.802720847112433,21.952062524523043,1022.4701058337861,10.395725038581547,56.4231816684536,1
21.868411173731186,89.60790991207439,1012.6122930405587,11.928371356586117,85.0574528015116,2
7.394178221021082,21.701552868030973,984.9035207448067,7.928287894759178,20.152837800631286,0
38.783385110582344,89.97613381473596,1007.4980384917194,6.159988161203994,93.44330387534414,2
31.005312934444582,62.31497072217696,1009.0817772278028,14.491190926766699,68.90876537482296,1
37.579957662567566,95.1254158810317,989.9464724097966,8.05601268202822,82.32732126800302,2
35.79309401710595,83.90265886189323,1036.741888820017,8.623849946917503,55.619069263001165,1
23.915999152443405,99.834728842667,1030.9985222888397,19.702681904236712,77.95167014240634,2
36.87496940092467,48.05694523613681,1020.1413402397465,29.056119950996766,1.620039733946721,0
3.53970008207678,81.37506311449016,1007.7377336600364,18.109116016781254,81.83804247795352,2
7.839314496765808,52.15447308873937,1004.7059324950706,2.309384011948988,4.013885908536652,0
1.8090915564215226,58.39004962431271,1019.0584080290572,2.267508415622009,88.99133763628625,1
13.013213230530575,70.2004370574696,1012.7259121644144,28.54269662536698,99.19627472386433,1
15.547091587579281,89.8941691349071,983.7363863529131,8.918723709220009,29.40674621767778,2
10.853961270955836,98.72667753594361,1010.7501589262199,2.762009582474263,21.031855628579365,2
33.14950036607718,81.46187310916146,1028.3842170339703,17.971337614511448,76.53633638580408,2
14.270133067743572,53.4213425733867,1007.5543926558175,18.709463348707985,25.302634092025322,0
11.23738038749523,53.70856018216561,983.1173946532562,19.455144603560644,86.55623831722035,1
21.70784332632994,79.00658412711132,1027.176691963042,8.02206083572624,10.28425921574767,1
5.636968998990506,39.10217166146418,992.0818269281584,0.453320526434251,12.595519637935826,0
32.08787923016159,28.837929050511573,995.5172500932823,28.950461083634156,97.91515551006155,1
2.982025747190833,48.36977261126212,989.8823812059378,7.526791370733075,67.38388982700046,1
39.47547746402069,42.97911933232654,999.8129038922898,20.280788641576425,84.68872244289528,1
30.889790771866295,43.7046496364792,1025.405090341318,21.19889609636129,32.4329377351518,1
7.948627261366896,38.688620083992795,1011.1631515702362,18.300222512384572,67.64837495206044,1
0.22088468494409597,23.36745517090895,992.2928764490428,9.387221826409446,59.42418273085972,1
32.618457138193364,21.429914778673105,1032.6698046891224,8.132887612921973,60.3150120122947,1
28.274293753904686,99.01779117888252,1032.7749112970916,17.930048481081094,68.25324595377215,1
29.160286721639494,54.22185069886899,1032.2347055027603,25.982869008350747,57.53591731290986,1
30.85081386743783,50.74613177277453,994.3277726828924,28.402011867701866,42.906236930266594,0
2.9617860693636144,74.3717826154456,1007.0743606508593,3.1771741321127287,27.592269438054686,3
14.338629141770905,37.46031102920513,1039.0993793684524,4.6448583779315955,76.8581330913202,1
4.634762381005189,95.99689471601803,1026.3207485785995,28.34208776349239,22.62724300031862,0
34.52413703502374,82.90760115324417,981.6300452735336,22.096056850043777,69.23543061544142,1
24.931925073102317,27.15288018498076,983.9122754756295,26.48981474489319,23.333282264932663,0
13.235920994105967,53.40646206279427,1007.83588260874,6.0789790240602946,62.53301699544539,1
2.5423340114409454,90.32946460497317,1034.5532123516937,17.627576133282055,74.70782671290289,2
12.439292868626488,95.57856178331282,1012.3221078771628,21.03418783252421,21.87138889065392,2
13.007332881069882,57.39212089998958,1009.8687504820574,20.40335656340918,5.994330086130828,1
29.18424713352256,69.07291113685662,986.3284219973979,12.244550726000943,13.097374299417408,3
25.502298854208526,33.36271568736602,1019.4068062834576,0.4618467507392543,60.59969672710255,1
35.48850970305306,99.29349009095813,1029.3261896360136,17.487781704127894,84.94464062257356,2
18.888597006477973,38.53373611067547,1002.8252004504537,7.593046175388263,4.499682123542437,1
4.783769837532068,95.41854193081005,1026.5367110555196,13.50762738428671,73.41512590416463,2
28.5297914889198,71.97173191938947,1037.8685992340486,28.72743045251452,34.13186459500521,3
30.431401944675898,68.61894359030873,992.2259875476614,11.971059529273042,47.85283699195225,0
22.45108790277985,61.015080881320685,1011.3997778716845,25.1940481999328,92.88595498455656,1
30.83868719818244,38.45358493742069,997.2282774850745,5.656218172477534,33.19715047358455,2
19.75182385457563,34.12224256044066,1027.5712651420304,20.173814940750866,46.5336933939486,2
20.909313175279763,37.63889672561403,1014.6556019528695,29.310208633168305,1.3682414760681105,1
17.101640734341984,34.91506097154036,1018.0749450530183,3.056793026188104,8.159872000483837,2
1.0167650697638075,82.36675788534026,1027.8748495769537,0.24959826681576036,25.859159113478402,1
4.315657079732178,48.01002073333841,1003.7582283597472,13.00748377897843,2.7852240821074403,1
1.25716742746937,24.62741412507171,1034.9054041044226,2.7787644915410157,63.1375326048251,1
25.456416450551217,97.52821041126491,1011.9817320347684,22.45153049028694,42.63983568016225,3
12.574239243053068,90.70287079707406,989.4772893701208,27.43645991545677,54.814520272802206,1
20.342827646588113,94.22018265561704,1021.7539470901281,13.020629181262764,17.464718589632955,1
36.30265895704372,99.59262581171483,1027.5956810262953,7.761349264663229,29.593202943661613,3
9.971689165954999,33.91161993755898,999.0057006240515,13.032099570198293,66.38244748527251,1
16.415316921425188,51.699361512212704,1031.4307554199252,21.70343453550003,96.53027236303998,1
30.222045541721947,80.6590780563273,1034.368595285946,0.27162484741112936,5.04167736022092,2
9.151926619664899,75.68164944430337,996.6142692426686,17.683619684540915,89.03843208552661,1
3.0791963931517197,32.311672507188405,1039.0112883629133,18.398750546621372,57.68812013112085,1
11.590058116550722,85.26664999924942,988.4426916829256,19.130647406878065,56.39195667556237,1
6.448851490160177,37.95524574693285,992.1209401041494,7.260662399426316,50.027853520776034,1
37.18790609370292,37.905409185809845,991.0534903542816,21.421581701343804,6.9394085904183385,0
32.32481518257668,62.957953831473084,1033.6393826004721,2.741744589953292,8.987685173616066,1
25.33615026041694,67.43519478733626,1019.2575531394978,5.978110094004024,60.09120056590861,1
34.85842360750871,66.40689662702489,989.1262569933364,26.324101399634458,34.09585714355583,1
32.14688307596458,27.31894699182039,1006.4194051021009,22.161694521796992,91.72680665776807,1
7.4628023554414336,90.19686901043043,1016.9178815041881,0.41236662034035754,40.659053735947225,0
35.70235993959911,41.24800340709648,985.007845099363,7.451287811094006,14.328145870264109,0
21.573689676626028,30.361193702624334,1032.9449821044402,6.432194489794937,71.4718833502036,1
32.2976062065625,91.09984638951818,1028.216212126492,8.124189841109178,29.335342144100984,1
35.84365199693973,96.45211985838027,1010.3124064145983,7.426793108396592,52.54703073558932,1
12.720138998874555,88.97020938123605,1038.0275969155502,1.8757888722853722,69.783278550517,1
4.40207698110707,84.76128597799024,1005.065658756506,13.76821549790461,90.02641112020704,2
9.117406501677667,72.41935845112174,1039.04661914219,21.982004243584953,79.2191194801676,1
17.08431154505025,64.06858964873115,1020.0751999282177,18.201951741523093,67.63610678727241,1
32.72059063689972,26.958940792912813,1018.0802763952365,20.186150057942392,67.96331823951436,1
34.429223330253734,52.676257045655895,989.9572937177471,2.434475356087175,94.59246440320865,1
0.27808522124762813,49.81508136098512,1032.9156654982787,28.544721305303618,29.582409749653603,1
20.42989210310263,40.7803027008261,1005.6493812752369,25.154755015290746,0.11120941961874076,0
16.69644012595116,77.87360909508679,989.7340043469487,24.15270955486988,27.19545593981987,0
8.88431241882921,59.67005880630167,980.7564511985455,24.689514151253025,21.7891379626744,2
4.794614693347312,26.483697272611835,1013.585341018303,27.98131524398284,66.18345851139982,1
13.504606856145118,37.6146561559849,1011.6439773273606,16.327618983410932,63.3711599765529,1
37.71638815650077,74.66070109276768,1023.1612173421495,6.008460536028776,59.34613827047238,1
12.92811728083021,26.090468759224017,1033.415483181068,18.503508235576234,1.62434432094537,1
20.751624869734645,88.0965531239015,984.7643950785817,22.28644481003817,72.87780544506475,3
28.120758355807112,59.611722161117946,1023.8897894204217,22.13752180062076,32.353041248549154,2
14.54518409517176,58.44692618613184,991.244716645855,15.643470725006402,66.50559890066312,1
38.87128330883843,67.3926227727614,1031.49062318943,2.0537615800073414,55.65784285021533,1
38.497891797684446,85.97447727401193,1029.1438108316993,11.133388152903835,34.27309254279072,2
10.071291833014566,47.824736632175444,1012.4476252991327,27.62299825390072,13.457626710410775,0
19.88994023569542,74.24129220472508,1022.6145679173987,17.53346729272278,9.441889766048096,3
12.035132392670786,65.2585571196633,998.8610067910249,16.149958297671404,83.15183331122236,1
11.393619775098704,41.362261613553706,1008.2700739359689,8.065605431465805,91.8397542081558,1
1.4754778941813118,90.29039890841264,1029.2982138626282,11.053467597497367,64.97880467642996,1
24.382573359195874,83.79408172855425,1007.5559118303928,26.86038267459508,10.343411486048337,2
20.10716092915446,72.67614677267403,1001.4678959195265,19.99389142580507,40.20272168882407,3
2.059150049999574,88.04653832753935,1009.652746835018,23.621610802569986,72.89392001051573,3
11.145858569464458,89.3835360767842,1029.694955146233,13.630362692029653,77.9820884010068,2
36.33063543866615,76.66903813720279,1000.1124828422523,18.907416583684736,11.82186222910886,1
9.582475626678896,86.96106626909376,990.4256955881447,7.451508262296226,0.003071884538241587,0
5.795794883648924,75.79771693354269,1022.7208412198469,21.163824908504587,71.2137045880605,1
19.57811041110252,74.41126174082403,1029.558692762485,12.82804001110012,35.659617598620564,1
39.42601816442403,69.48891025721474,986.038248711412,13.276365444442368,25.448133161826025,1
9.682210860460017,80.2173311646113,994.3924467653567,19.47966973730645,1.289746978952544,0
26.885421896235144,32.68840842344589,988.5183193856597,28.0884186440678,54.02994067614997,1
30.4647846131487,90.46966073591427,1000.87648469493,1.9201903982586277,85.11507354259817,2
9.505501759695987,89.74748221961856,1007.0210587343248,24.742297120410228,95.76316462725879,3
29.128653944474383,22.33978264276473,1024.9295802177985,8.771493312365793,56.574495061328925,1
14.711325308770128,86.06534004518102,1019.0688550929004,13.317583635191335,51.44613277398942,1
25.292233223743178,30.309589397875616,1017.2557140487058,0.6573998632502687,8.50563854892411,0
25.34118843043579,46.809508340731355,1001.1424967965793,9.031382335029392,54.887280154259976,1
21.43098736299034,79.48066050332862,1030.4868531850857,15.078937278903915,37.99790789653946,1
3.611590802176332,32.860791683864655,1008.2772300438899,1.6852823204231704,60.71352808835769,1
33.41209982356952,85.43736192952497,1038.7462962809093,14.732871881494955,38.87263478765467,0
12.831202598869433,86.57073423661936,1018.0485282977443,27.81331886575282,24.029912345036674,3
7.460740415994169,60.597418700866896,987.5758844938701,3.1617965432341566,9.49652752283765,1
1.6310056621905566,20.510869737346688,1020.570653724526,22.93322184226513,31.491844458889574,0
23.635717727529673,42.96305065399302,999.5062409259019,12.290131601279779,9.664483428775227,2
27.1025744736913,69.35415347005937,1021.1796318011659,19.65521143573014,17.689695082398394,1
0.6635131571142461,98.49489424219388,984.1784688897443,7.807097939556881,98.73361585795459,2
20.48372233197124,70.54508216133347,990.4928862305576,4.784767876240749,44.41035569066186,3
9.059831007917518,40.78428648513278,1031.3442355343473,4.813878428136793,53.187176650501655,1
25.806911616377995,70.72045624796891,993.6307734214109,2.1147583692943392,87.36185287372153,1
6.974657160199658,63.198830377268436,1030.2224675145765,5.569401147037291,99.55689004906878,1
27.63750952409864,82.3876316120915,996.7565653072646,19.92658154966905,58.27144493446815,1
15.469413852021496,28.558451106156674,1018.5729146035225,26.45071835530524,81.24738210441717,1
37.46919954946938,80.88223220016224,1021.6490344105898,24.423770567734856,32.694102433667524,0
5.50083776583973,63.301326294088824,1010.7592851887032,20.55402929623452,30.57439574472911,1
13.64265404201034,97.03936030871957,998.3186406018038,3.31295590233308,40.27037209945602,1
4.538940849623563,47.34977328309489,992.7586625822657,8.675623388878495,67.25072626736491,1
36.98774473114251,70.60975145071585,981.9913612737456,9.29420625967407,68.21916892550988,1
35.09357413523924,94.5622484408014,998.2367840744434,7.498708391928637,31.52394346494508,1
10.317665108606224,28.20077823925434,1019.1897674318769,15.450169791291694,13.320992413662868,3
26.39936184136716,94.9782789789161,1036.298289106909,16.066614446390176,63.239625646550856,1
32.688888008048636,75.03085778406506,1032.2722689357831,10.706579255133306,12.832586218876452,0
22.208032463978494,25.42696472841375,1025.9638865921181,10.61367476209308,57.84925082293301,1
21.18602313424026,44.0770853557453,1027.3068405951979,24.85666793718244,69.3422128056309,1
9.674091636018067,76.65376709162253,1019.8990942085597,23.678785449590567,70.06114963944516,1
3.7241107122359685,25.388048117501736,995.6172114539602,9.233874950422368,75.34721106595967,1
35.88863031813307,66.57363681410186,1034.4317018423499,27.41365331619778,87.28594215656645,1
36.016722286533216,47.67064455623654,1020.2439387143501,28.584450510075182,49.995899196478845,2
25.32405829093072,69.67324142139816,1013.6264378588264,9.802276260901225,73.02491895295712,1
13.561191641948028,23.65936270500103,986.6593681528088,10.632748463791646,61.91727353658367,1
13.968382984506436,89.7229444921901,1006.8233326283855,15.169024602658766,18.663993979768257,2
29.038227154809576,97.87911753419175,1007.6214962721156,28.233624376010205,2.568964486940817,2
35.884410398103086,97.51022842285532,1031.8738165713603,26.289582994269345,28.454138567693377,0
35.48345697060469,79.97214653943398,1012.7988932112673,3.077038877507694,44.30337063376194,2
31.195021834304953,30.406899210450558,1002.8240329382246,11.781922298142486,61.71059444286563,1
25.68126584617151,80.6610556743218,1038.6080197106396,16.601135692493155,84.99593305032053,2
3.3655985998019533,21.96695331670412,986.6432355995789,15.093974176546201,19.624571670616564,3
6.465148563784551,21.76988412231978,1005.3529056987167,5.81589203810678,12.55497898984771,0
35.94216754108317,45.8888175319633,982.5214805102843,25.76450313504464,96.34799474743275,1
24.257162386383598,59.091455232373264,1024.3942472460158,20.30822348990512,10.80445593764071,1
0.3678820646651859,81.63259342462345,1035.084593131949,25.137251245554108,47.84910701071892,3
4.058861714641284,74.66363012852042,996.8022397730293,25.762928380484166,58.55637287933019,1
26.54007076432223,55.67221651013987,1031.5005006079473,22.450675609972194,54.137442090743825,1
0.20246335384874747,41.89013330253327,997.5330938277139,13.17631803749152,8.603215703294321,1
6.432322056699946,99.76996001261689,1034.646209698635,18.316402650462738,5.702691400361937,2
21.949351574663446,54.094504178877834,1025.237714215807,4.810962183592294,10.548342746103568,3
27.67580790770773,56.11096194637404,1028.2944066104862,20.20936252424723,58.55876838726125,1
26.078450380104023,33.089905695333535,981.0803933360272,5.377597672178423,54.43448876343211,1
8.970772378422392,83.58476389999436,1037.7686214244416,20.818487715304705,23.374079203674427,0
28.487168853901434,75.49457806251908,1023.6002595242194,6.88794482261906,63.777414184559156,1
9.489963499872003,37.66156902310083,998.285065723168,3.526539004506599,82.00675020556494,1
13.015987926370709,26.590483649267416,1029.7636798915307,4.958534704288723,4.157895984659376,3
29.859656204720967,74.43994416597704,996.8912719048958,0.05976405657210804,49.81299435480424,1
25.98531596188859,72.36089714249081,1032.3652303739677,21.56218853560591,68.93104121026903,1
33.96893641976712,41.86076215985675,986.7548234247163,21.97203147175137,25.23119270696871,0
26.304515692013734,96.06908498003283,1022.2211586476477,15.448000497397784,30.77709052931491,0
22.732344133418863,32.08463134247202,1012.4419085986946,4.840884031661511,61.36379029893838,1
3.746990713123699,54.586784083408155,985.7920682117265,2.5066301253206924,89.7935293443737,1
14.708632122377342,95.4892736134079,994.5136296955303,0.5738689931186103,80.99244203028994,2
10.608094707269018,53.57818535408978,980.7442421766389,4.972445308956621,58.31302190995835,1
9.759585735163343,71.08207581312683,1008.1260779278704,26.725666049494404,73.02217177572491,1
38.920422190097824,51.80755183702354,998.0759156456,7.246105251050453,36.482247020779866,3
15.723908986670416,41.937216187893604,1015.9014490578655,10.62813981651647,64.09655280987577,1
35.681862207084535,98.71821183678625,997.834268462517,3.1603645344399958,46.6181591127557,3
25.245545039890516,52.74672050520344,997.9951466904191,6.670839142445109,18.993613645756092,3
31.792452141665937,91.52793629433076,1024.5915919238962,15.576737123406154,70.17382738772572,2
20.105483724207684,38.39636847128689,982.8885701587012,18.232580492869577,55.646463734882204,1
23.076155385054363,37.04837632200666,1034.1736997115192,7.360569424986332,35.86215819535914,3
19.700707752754557,22.49072663076091,1031.135832463471,1.7319647767535162,91.13391900786307,1
7.80971951192178,72.13334603007081,1020.0682809935844,11.73098607382196,2.0934117826733267,0
28.898084610460213,49.48210749790089,1015.593294206443,7.0261011277900245,31.5773151249496,1
11.230894497634232,89.14865998717096,1033.5381498883792,6.586617696894058,5.688139777764656,3
0.9726386572581536,57.85679253532457,991.1198107717229,28.795884081403656,76.65273162216272,1
25.818891836286713,97.45547423317774,984.7381497314498,18.489014577771723,70.21074541137926,2
7.084427176281958,34.84204125624969,994.3706101945722,16.706353295162877,33.13522187363171,0
37.61834337411657,89.48985343644887,1027.6746967220115,12.473253105699659,67.5662902207073,1
38.157143080103495,82.12774822333934,982.080216003589,12.868330002904328,39.593722619594985,1
36.59457560881794,81.67374757152416,1014.9684101050094,16.227150115142425,75.62537914224343,2
14.806348010217775,87.58265824935101,1039.7262509714785,20.892894211083217,45.41836627367061,3
0.6182646611546971,80.88191927543991,1031.3417656302524,21.064382885454883,41.22797278316656,1
37.132742503509014,70.09762573051323,1011.2867413426154,5.1508172311634866,93.4729915488301,1
17.127365932692573,30.499590214591006,983.8184545571985,15.003382562298809,25.087909989070024,1
38.666192761746785,22.602094359300153,1029.8824108631427,12.35874285102306,12.044733999656543,0
38.54479908357011,93.66782782525495,1015.9387104906326,26.115808988081525,58.45431132594582,1
34.120378218694405,69.33202516165905,986.895979823574,18.942567636551292,96.93218122841789,1
11.777955682783428,83.7229832780941,985.6314370894014,15.975121992479455,37.783921372718666,0
15.40390914407701,58.52178812100401,1034.5776091661955,3.461839265367521,6.203676362878152,1
34.045466860674274,29.38465511699156,1020.1520157762847,18.169136679702344,33.93052673095674,0
12.676880206251106,30.014863376204033,1029.7572079590054,3.5161171704070027,50.593165431955846,1
6.7797098674436995,74.84522297831771,1032.738734016936,10.116197266972563,16.19230066322137,3
22.272050498334007,54.424471591957015,1014.3063411228993,4.285258944429956,65.8102218056492,1
37.44619096643124,36.04197813602694,1011.0467811053024,20.762209410731067,99.77493890102006,1
27.84119186699892,59.327563739314954,1005.8256446192594,6.187563415084578,45.17394759814438,1
22.802446803574597,25.13671496601073,999.0167952674672,11.755781195640779,35.472855673021265,1
3.8870597508307414,66.5577121531519,1006.0757576515227,26.87024332856336,40.070416683446666,2
24.60028906796679,41.51947235480782,1026.4327793438094,6.129491501969109,11.514617839520113,3
39.60215400417053,83.80472805097506,1016.1154058609079,15.234151918763374,88.32736014262238,2
5.603360609460961,44.8289567138859,1033.5513973972907,12.57814983498066,41.4825655521352,3
20.73318609454947,56.4176119265441,1006.6028008627512,0.543721231371892,38.72744114248413,2
35.094922877118215,20.92964319264805,1016.4253747231253,23.782743407184384,65.96902729304743,1
29.630744710168177,25.795751023564712,1017.8784531855193,2.0713771894379915,44.203342093112354,2
27.88062963981072,51.399484512534784,1015.5018297383796,14.227650629308608,64.8233468807846,1
28.09936335948437,58.39510677736988,1022.1580263851309,16.8203488481685,6.144629013078751,0
14.379646048790207,68.0016438495443,994.2460081024884,18.852793698437612,81.37233437222274,1
11.743673770579734,43.33300629674426,1010.7418266527475,20.658948879236267,94.05039528794026,1
32.374446219140545,75.5985508901234,986.2534881685009,7.598171505681453,64.8765386159386,1
32.404535787167234,88.80979177513636,1003.0706796586887,0.2993632997534812,95.45659288588108,2
34.68289274320415,82.38807911146799,1009.2600241172759,21.70330987064736,15.143231436996329,0
36.529622102258855,23.16950602786857,1019.1334555727284,16.069697980427357,47.74161894803537,1
20.453695954437514,58.44055578062631,1037.0318631551722,25.083531096217463,60.180673394544726,1
20.060651787487984,28.39441427345399,1016.0390639929013,24.641650887020827,58.17366474211867,1
31.931807158671006,39.363601269002196,1024.6156349705936,25.299785033636496,40.14617790890432,1
25.998557231110606,98.93300746137172,1010.3759635697122,14.552839799386204,33.80844093662614,1
28.078675090308135,31.39964343212106,1018.0462418825799,10.00885187510597,12.68240225504188,0
31.83170677744404,59.911052276108485,984.2559329680264,23.7467460777411,39.17424505622782,1
35.60021367270265,69.45245874544952,995.2634948505108,13.538823390877647,16.266081510548513,0
13.519806274061432,76.19719764352831,1001.7111855923083,5.503265892103036,73.43656764922184,1
15.02331810559776,64.77189467895313,1008.3496013003908,25.64922058684423,20.883093549458998,3
3.75927759363476,20.781667793534695,982.738924730143,26.476796303170417,5.856530528453385,1
23.13120563984696,46.11690465951935,988.4014458531991,13.989292684205104,55.236613781723435,1
1.4376909518696834,61.416931470776916,996.6088584674784,2.270991819293624,59.52297327194016,1
18.623920725298404,27.02931993158667,1038.291961454063,11.634782697507937,87.19130612805056,1
21.705785388303063,48.050154496734464,999.880820426183,24.1061297838781,57.69816124176819,1
11.461650085131376,22.656248703309323,1008.922463486725,27.05322085638686,34.54808537234457,3
23.63333042276043,26.28627977240166,991.7658627643036,6.104182274927875,80.30118815263205,1
1.2200099975619771,51.75386209612768,1016.6468042645461,2.0092083607581457,54.027889318742105,1
1.4939275499685767,30.617260323444828,996.8409929309585,26.32051359398516,7.928028463119174,1
32.904022426386334,65.40326786092464,992.4195547063056,11.68214816936626,56.58505603132467,1
14.407625656450517,75.15719753098125,1010.9943577067587,16.252828928026897,90.80185454216624,1
5.082420506075391,84.04693592872663,980.3303479496252,29.04197436152277,39.631262549822054,2
20.889730402192175,36.012019539584806,980.4598419589536,1.9969418374266856,29.632580189980008,1
30.799742123944434,33.398606580725584,993.1441285461115,19.449540223562867,14.346945701802005,0
8.632841099873726,28.36542722675202,982.2032817500493,2.2231626772460125,15.144552193535732,1
24.91561903276001,70.91441996349093,986.4815452478415,11.26406785399501,43.27714843418189,1
3.41389859975072,76.5180581189521,1000.3316389603251,24.114436355803402,59.56798241615295,1
2.067268846744308,22.526891586051363,1028.1551407747888,13.004166982669032,8.061540516960175,0
21.25418526272592,94.89697969949519,1014.3229186021581,29.915470617088513,93.95685890251657,3
21.62540486440426,24.157702692117795,1010.760063557385,16.771778548398064,75.51336174451959,1
25.497196059928264,63.30370682408564,997.6093293924873,9.634864579078604,58.66239182836627,1
29.04365334890646,76.72484155607332,1035.905223165969,6.603339777142594,82.84386709389908,1
39.03408317850138,89.67752989968685,1003.8209024742315,10.515616028584855,8.01867568121133,2
20.65201393204781,77.12695457059422,985.2255660077462,11.175998212786524,47.68388777331244,1
12.918258917649839,84.13824664558335,1017.0239909670681,2.0614103317188293,63.00931268616634,1
31.807447790748146,47.15601540342448,986.8303036085961,11.087225982803195,82.86529061182893,1
10.833290050482969,85.18600909972098,1000.7133885681015,13.927155592176748,78.34695600492677,2
17.558856828225444,26.409187710774013,1010.4447163230685,21.68213256716414,27.706924971339962,1
3.1382552536906383,91.58533248484221,1032.4533514811105,19.70188454164824,94.08801695592042,2
1.0140297366183004,63.8073900922989,1009.6127948204071,21.262969656874628,12.434584143087035,3
38.505936587117006,85.3838215969995,1022.1355259618998,0.25091045630571296,87.51336186211522,2
33.439204820488236,56.18546276146401,1039.5690103399443,6.530021987416081,97.09402496046185,1
27.83896824374792,71.48621561572199,987.8893471938788,19.850528651995695,17.715352322262557,2
16.358117776570793,62.11221287488905,996.4838915311711,14.519681045392414,72.20660642037853,1
6.931772802833831,78.52716174042655,1003.6745645358587,0.15940427005037838,4.028551877799846,1
6.257481706843442,26.530398562447168,1005.3096907123299,24.13483927295467,40.542282513915495,3
10.009715926583812,24.828166719245104,1004.6612645159328,23.184287198710123,51.6283299197674,1
21.969066588244818,39.768258720811716,1034.4566601533934,16.45257488980688,58.064522590963406,1
28.583836908002493,32.76357440905507,1022.8419586680113,1.9938997732881636,93.59372482485595,1
26.40789506870925,89.74268532737614,1016.4743128454422,22.99545148597754,67.22506872941946,1
11.197355877837714,37.53711898864354,998.5623630717669,17.51140763194092,48.1277951219237,3
38.19461122652776,98.0692204655305,1029.4274230532776,23.458799314738776,80.96750362658894,3
29.51587666783074,46.951663341688544,1037.3036306890992,22.55240977187521,95.05328209544089,1
22.174162100456027,34.569433255095944,1029.2718969530135,24.090062158735115,2.2066148682290843,0
24.46882984937409,83.17588057139832,980.0939063114884,15.540241992138744,98.25212722560387,2
16.784002497111597,72.69662204007008,1018.1840822110045,4.20973554580545,8.613213906368033,3
9.909239580046298,59.85565731625112,983.068122886526,20.13472420139066,81.43867792687614,1
14.238907146050463,64.42908407501051,995.4564332200233,18.614213551559118,28.033475255141248,1
30.313844418574764,77.53614226178111,983.5714820208663,22.267595615972617,13.217965775387174,0
0.5757395451902347,38.2763793065039,1016.2277271769633,5.096430181522059,43.98556397138349,0
4.642905620276649,99.70671328453935,1021.1953948095564,5.849255997008677,64.39565794476135,1
1.84010568087011,97.98345297174265,986.8692582839543,26.712285516579854,38.0951845023475,1
1.6291520927588055,72.02605490775495,1003.0303329826987,22.499333953562125,5.456540828269896,2
34.21842336044029,35.96339607433161,1007.3741905373325,27.24685466100969,59.94611396587166,1
28.146314375200948,74.41825939450331,1002.143181305655,22.76145963491762,90.24032761106747,1
18.96695316349301,25.775872718334067,987.2615000291116,17.914659179709055,38.32153659472517,3
3.913366426040059,22.452200176464487,1005.1368674112485,19.62398211083621,21.633277763082702,0
19.664635004673293,40.6146310808971,1025.0706828685052,26.6738377182003,44.25773459328154,2
18.938870831222626,57.009836539145304,984.2604598719953,17.364202635358215,4.836271104878087,1
6.928074796400607,89.46180043267044,984.8108008449142,18.97173972985162,82.04875844802748,2
17.35406596951892,78.17352558130465,1001.286277510159,4.694301480108018,82.63408109501867,1
15.940189375894938,79.41652169599848,1036.5035426971356,14.217636603483081,58.800046342962844,1
24.63400392208866,54.03946675584603,1020.1143588033749,21.49191335874297,35.31028889383895,3
25.40374603470575,47.674799403757035,1020.7201974003539,8.128280949490962,79.97833644457833,1
1.8121603908817807,49.683101038768214,1001.7151994502719,6.067625415736048,55.46870247883672,1
14.984504585058849,99.01196509888463,1015.6196474725123,9.414804246732466,82.59323085500162,2
25.034396628569453,23.2087353129986,980.6078710416646,7.245018839785003,63.14587925830206,1
20.125450343203507,89.36251968979589,1018.1657627845725,6.447379111091875,78.44054732127972,2
34.25959364753289,66.29403268579148,1034.7972168545741,12.745525286042609,59.856299321776,1
26.3477452647578,55.08923353516724,1016.7544081006891,27.23515541650602,41.41410682156662,3
6.517377083257188,78.02061283321092,1032.4219156079807,15.211789402161548,95.79458599261376,1
2.8227498960171937,58.93351531397623,1023.4383833279657,5.637611424459691,54.11138248788448,1
25.696771128252625,89.87385904653284,987.2335049842214,2.309150081426222,60.50895185405384,1
1.0604524216648725,92.05614912090068,1034.1471984371506,20.884684354137757,22.048763941474924,0
23.43102325093853,53.73767414987643,983.9866306613465,11.483962933091634,62.565078942727645,1
37.6092096569983,42.14622377880413,1012.0380483528659,24.654928397560777,57.160764948294386,1
23.01896711503516,67.38802628746897,988.5282274276075,19.785323059223106,18.483839794702494,3
15.526797048260876,92.98906764933528,980.7023966438543,23.887243516241057,5.958709735314372,3
25.731528737694127,36.85297512045332,1005.3220556076583,8.158381182553462,60.43593197147711,1
18.330115619660667,69.83732668507862,997.7024424592494,20.770767673831745,76.36922693503206,1
21.8246715726374,70.52481760740164,1009.1600296278561,7.921859540811563,52.34013709220082,1
37.658592351061,78.64904179322248,1014.6319932040731,28.172054383508748,22.67726253196457,3
15.44410551203097,30.525414810180784,982.6243443385368,19.09122844600123,66.65219766930349,1
38.44762255295657,77.26599717456708,987.3801977074247,9.735354005260263,8.010572660960225,3
36.21402567824255,92.72260165325127,1013.5185437870255,8.085355868768179,44.183370480195464,1
7.831645391571858,34.37464870961936,1000.5900411903594,5.727797552149305,16.33667583984202,2
2.774452035006618,39.00346599391021,1023.7504092529668,20.839228766811832,18.445905105988338,1
4.031120055097066,97.71160752333117,1019.1374989155164,6.561468389937819,20.229394915820365,1
0.7288730260619891,34.47815621675918,1030.7362617793945,17.85909797782467,38.67070570439779,0
3.777718430237136,88.35080746956633,1021.5495696001535,7.9390508077607205,5.115020562039763,3
27.320270936654275,59.38222851584278,1005.7958646434089,19.85906834381606,39.77934409290982,1
2.8475459384091595,39.778485952254165,1020.3779973436659,24.448191856216177,51.170744711470086,1
12.759025211750451,89.65999210180091,996.5228704553251,23.340757294339596,48.329428496632524,3
33.79501243877818,55.62442040021324,998.3788099266927,22.82553992792345,38.27841004030405,1
0.9308774294330346,61.18538831437522,1027.3391095952477,5.631672170767562,83.91466080707525,1
32.578739303557434,48.73866955198125,1006.785170984095,2.651548409535561,14.53266924205041,0
11.274190990935997,67.4360681147942,1027.9028204311012,20.96846485462157,50.5696743781374,1
4.72659310486625,33.08190980680182,1029.3453424200968,11.05041641383054,6.20414169565543,1
27.869486614566025,51.286522932140855,1031.453740259677,12.970386792100419,7.1155678877909745,0
25.15771387119536,97.552985786823,1034.9981141504725,0.9344727838017319,57.38658496770963,1
35.09888054108212,40.6506746160902,1005.8591132307978,7.787293478251476,56.6018424887821,1
29.40284175215543,72.53893316330337,999.1320090992683,1.0102921162339207,87.8033512844457,1
32.13923721539394,46.01520513797559,1014.9319247956469,26.375573178037428,55.78736756600732,1
11.28138290285226,81.87785005492805,1002.2703454062577,7.301900496555914,95.97910204048502,2
7.097581751188913,30.469892857467986,1016.064450008014,16.72011508719024,4.869484839992976,2
30.024590065634335,97.58568360628358,1022.3351517586295,1.1693796198339124,9.800768478074106,2
32.27338957069056,56.30316331069114,1021.3043011095282,20.00542173916974,4.40658615703814,1
39.620205680026935,38.88403706771712,1002.4731732212073,9.690820372622817,18.527685033354004,0
16.50470707645706,25.87973978640101,990.0116121019252,26.937575608729976,54.12701109416781,1
14.880723431711328,33.58063240700326,1005.8317603077325,26.643545668021076,64.5572181427428,1
31.056518429679873,61.58191588448141,988.5556486449145,9.758718550852434,4.55851579486688,0
13.632141610120714,46.9602541145029,1033.4058221110286,27.028826870714038,94.59708898455993,1
37.23029302414259,86.31066927060876,1000.7526476442714,29.884730204963365,84.2165376650381,3
34.336510073720476,54.47100189294447,989.2675848333994,24.76246992371844,29.661248215709314,3
17.159761095000732,39.89714180701039,981.526865594345,25.34614043265687,7.718753022646796,3
30.034842711659895,69.37159892832241,1018.7493431771891,7.470262083272697,16.98870732190573,1
30.181714963387293,76.54217735083566,1018.2141390472846,17.30107196573269,12.694441375497266,2
4.124954753437304,33.36335263207599,1000.4362499948775,2.0176774190210356,12.328377929894685,0
36.102116267182666,33.40953730306541,984.3027133308591,2.8475381046500914,51.85616886657339,1
20.210094897914285,22.933714154683436,1004.5777336937139,29.966778360998717,24.58474424934003,2
33.058298644309666,78.91216120525124,998.6730497038036,9.799177482777328,35.81397165291445,3
12.80198404122447,73.10436220974441,1020.6272383841006,22.44551736146539,98.95053333843225,1
35.82092913984802,57.97047005998511,1016.3467549671615,24.199951590804496,68.43142489253448,1
15.568067149366524,87.53363591753578,1001.8756236918524,25.740698130216877,94.89806670470014,3
0.4335060592119344,84.45361223600426,993.0735532552994,29.928848922064695,14.255655503311559,2
36.21527905677055,66.82834915174017,1039.2821579693355,7.2448945577060355,38.21394748325693,3
3.6514670714453423,89.4617024410607,1007.2400972717669,1.2105248057909912,55.47318032823543,1
12.772545503616595,36.46729680294146,1021.2964541468142,12.335745539837578,7.675806188873802,0
38.0024786820322,28.95356955181823,988.4331780547017,3.9024200948684085,0.41874436279578653,0
38.024285877502244,41.57996892135917,1009.1353819795638,0.6727766748616537,67.04343337969175,1
22.937515524931445,24.56694848714519,981.6522031921679,10.812804814244583,64.18195168014353,1
25.27348848679197,62.49356224008256,1010.327307074627,23.512147532257092,41.07888099996118,0
17.93782087913279,94.92845538359691,1037.8410444270621,16.985420736752125,48.96440760320326,1
11.728430867922581,23.14748325348077,1003.052402779148,9.383339676310621,41.54430005920896,1
13.146581814796638,29.768793120802144,982.3397607544947,19.630260164781593,2.4005044844888856,2
26.900738243081538,56.175922262674824,981.8573474551606,6.960545409264322,33.537160621746246,0
30.0949811775072,94.7100014022324,1003.2792055968122,0.43144338216255074,17.708225539728982,0
31.66316174903394,45.29248839814004,989.6014961877917,22.93060159309282,9.842418910136875,0
31.584725711782156,60.57878469507139,981.4011257796911,18.712292545920274,95.67204338893498,1
3.6482441219476147,23.325828724031368,1025.3728168370105,22.8690787350288,59.935972504216565,1
19.776812188103257,31.86745607696711,1007.5113805329134,1.1681405006299683,72.86562842366027,1
2.3023504006657713,98.93040983670775,997.3546863183593,25.113588834919565,31.53637432661175,1
21.98115529294942,97.20949571488364,1034.0049909809889,18.5857860010891,39.31471294940152,3
17.66122005493508,20.395198474752767,986.9683376120315,16.901860521379206,23.692399389672346,2
35.50816731033199,96.14494283385912,1037.3551297373192,18.738421443435946,9.696567096542474,2
14.036600502083147,71.12959502524004,998.8380030426412,25.932997406050923,17.90316374415838,1
4.6826806571042345,89.43346356160177,1033.304220338521,17.608095196767213,79.75140452964858,2
5.719667282113434,56.379188450708725,1016.1765725887677,17.42851139664538,67.75458051837758,1
30.46042526869889,61.24768228634002,1029.6024415844893,29.720374711972973,54.69288759854769,1
24.728722532650444,59.10772642055362,1039.040789792628,22.70190501205704,47.508987286676806,0
4.04490704491161,73.34914060368834,997.3043262691248,13.268814163534058,92.24342836561244,1
3.3642722445998974,31.172100380505032,1037.6681291244556,21.221910000987833,7.273494777866841,1
28.038765258364798,22.397887189814234,1003.3689136941452,11.676914150753655,28.060081323791596,0
2.910520254567741,44.63439532729527,1003.1307142842153,6.86626387450497,34.9937853570714,1
32.87440237161425,76.37446101893174,1000.4232262552704,17.905556306632782,78.24258122127878,1
28.24968908625985,36.14827616983587,1012.4844564408551,27.845462943418543,99.25146201619714,1
3.2539512256759906,73.87459466599338,989.2487025907092,27.874185600463882,24.067051475715306,1
3.3935085634076767,97.59296368858163,1013.2226891214807,10.25715834316471,87.43073341370805,2
39.465583140047016,27.512057263153473,1012.5022887446003,15.83032398665085,83.06227604317912,1
14.970831830244812,73.8081694580101,1025.7141087562923,6.349076957095836,22.46573976417666,1
14.825685882675636,55.50001754436569,1030.0189977162552,29.868933284966502,39.933258019922256,3
32.5119826903001,89.45138035020042,1006.4264810187454,29.43353723603807,40.96728692925191,3
37.88994309535435,34.17198315579087,998.1399949610897,19.48526789122342,97.82206685265584,1
39.44004255291483,75.41007617809316,995.5600938390256,24.1324217903242,18.089190137889833,0
30.135127410357665,87.04922317184882,991.6774302022923,21.453004838511,79.91579711047821,3
15.050383421236631,95.56913755792186,983.4588549319415,17.794746571184046,33.419271417310995,1
3.3400286679467506,74.65984226317167,1000.5468787300828,1.6004399096669308,73.08703457761604,1
31.08587663709747,59.773981120674186,996.214861527847,13.642930276579833,42.001100429566286,3
22.3361699894322,69.42777921609711,1037.9850431519844,20.243589065022316,57.835976311654,1
16.968880369879052,89.51239875829745,1013.4625295750027,20.32594841651054,83.26117733261312,3
36.25417540378944,65.64877973110637,1000.8366223418304,11.193678552671507,80.41655649838842,1
4.447899292246054,22.43096477574695,1014.8280560596218,28.250759599740917,86.64231835397001,1
19.705004171634364,94.47589564055822,988.3518020807418,5.02071096710343,5.961732534465902,0
0.45414579069676275,75.1621400825249,1006.6426249521322,15.010783386466818,69.20505530397449,1
18.74642567976505,74.12107086217972,1017.5740592852638,20.726519296524685,13.998737672176286,1
2.252131027273494,37.254012191817374,1009.3338699075471,20.914074176754276,41.5818568018411,2
4.752716650722877,72.71083761861257,1004.1067280392595,19.459168703064467,54.858841505468845,1
4.701049871084195,51.50915245233268,1039.630903333982,8.258646403555804,40.273948474683074,3
25.968412084642544,72.09863816331936,1032.8188857289356,4.686197060598659,51.961167580300746,1
29.841795170616933,28.527442424639258,1017.4043574895665,19.078209804801325,99.65263087986192,1
23.334750603886384,72.62762436824289,1014.162641670937,17.979063484183133,13.521731371285473,0
38.486901938981674,99.95309806165332,1017.2396287894751,5.3806803086772295,67.54560453364256,1
14.994823180948163,23.856963108844482,992.078726469346,21.1541743671169,39.600096638561524,2
11.42848345127443,98.17393473770538,1003.7082645958591,13.655159752009693,13.300979890732878,1
34.74396512757841,52.55263685782965,982.367571973454,20.032817748094587,15.873676337430954,1
8.943833540778105,89.66027602698074,1008.5327622492096,25.12101239310452,94.92731062456168,3
38.52890157762445,82.59083872466188,1012.5814750374598,5.091852857307694,87.9601496711762,2
0.48617898759265366,65.36130087893342,993.6649841661925,0.5743460399051004,90.70419604150219,1
38.79515306830556,79.07593674010613,1037.8417308299308,23.373077591873603,99.15327758273865,1
1.7263964780230445,90.28124490410784,1034.5672766562345,18.290922754578478,20.831539000851794,1
35.645724547922846,52.331225732082636,1023.3285941273543,20.989187088663652,35.543933736406174,3
21.108044363451995,46.16265292505909,1012.0031977259217,25.144649249659278,66.92190299248666,1
39.718591844772014,73.40747084508678,1032.1981495788611,24.084328044735017,48.38025398606472,0
2.9518625894159545,84.62767535530068,987.8391406294078,28.82760440786474,41.83895333783335,2
22.15417137605283,80.98281078212926,1027.4305876564931,16.078052365563547,35.781124933559305,0
38.77210142476396,83.82509190869075,987.4892488380109,14.654868979797161,59.37806319434522,1
20.923913766805953,54.84666518503464,1027.6526397529644,12.056615996721902,57.5593428640082,1
25.1759455254105,85.42673729400173,996.5460540950814,4.610731285326136,16.14578340642401,3
27.829947559384685,29.616724429648677,1032.6254348610914,17.178216986460672,47.173983751843906,0
18.18164259071093,63.559127836867965,1036.6425256295238,8.310375729779363,55.347177620984986,1
25.102323203362538,20.460692839849727,988.927758164307,27.639225366389265,57.02869387313905,1
23.37257247692401,45.96686639202162,1007.7605363039236,17.495724128312926,21.01071929123518,3
36.04632041963956,49.31692278971183,1038.859242689761,17.785205415243304,74.22713922522868,1
1.8178552136583148,51.69381532874043,1009.0044461583888,10.6477398263103,2.5199094821069634,1
11.238527583689212,75.63737653518898,1031.8128513508727,1.5596805593312246,35.483185554316265,2
38.01645936306235,51.08464810162766,1015.3238913278792,0.9523129611896586,78.02126485356335,1
35.61055135563665,55.895489809802456,1002.5197944751761,12.700054324595925,56.389292105540235,1
18.22627011142852,39.0035304699462,997.1470133315522,2.5369613429171354,26.116243251086026,1
24.80530391206147,49.860143330347206,992.1933854651652,18.205408666204175,69.49531193430477,1
11.095247319245306,38.181570181052116,1025.7078914826618,26.429190169189724,56.73909441560734,1
7.524846388950452,25.85567390147549,1003.1924304093817,26.487444495561665,79.62436094563871,1
18.547936197599284,68.27588747051024,1010.6765277320451,19.77136230396697,73.50251861898234,1
14.134089121042113,73.45702388440131,1009.5395288000709,6.33695494418793,61.01079220362347,1
23.346244474034883,69.55922768076917,1014.6367417539878,25.88990494076616,48.8177675310814,0
3.1093854785993935,57.07952350404579,1031.934628737473,26.582803059396245,13.31821256675234,1
38.97579230664666,50.38286241433838,1038.8443606150058,5.899607548588762,26.133301788538375,2
39.44842977918412,89.06669196574602,1004.455052514429,22.12278257312032,41.90994729170853,1
27.926468560789807,61.526542810897446,1029.6511353263782,8.595586467813689,59.92992870063887,1
21.443854653764816,58.33455021037848,1025.871667679283,24.07920937058789,51.37078552153048,1
12.38110465145311,22.051365264514857,1014.4117370873344,29.91713699710808,28.818452595952948,2
32.551800788277944,47.299826210092505,1037.362828616716,0.9007801598817844,0.6464357789710551,0
27.389246902155172,50.41564950286856,992.0284709317042,26.92097597372796,49.623922190081394,2
6.504677573795652,51.90582247175204,986.5558526185773,18.678916007959742,28.56259885622431,1
36.4370873797537,66.41378953818659,1031.2377180173253,29.201478574944634,73.46083007105351,1
32.90148971692676,62.68820373815028,1006.3489889980249,13.950285525792829,2.394626527048349,3
37.99199653167696,68.63240742347557,1030.8181312524237,25.42163791714121,58.482781130579085,1
29.0287803355344,81.19066092337026,1033.585412311725,1.871822057948317,94.14742375060654,2
24.536607837431596,85.03885909728749,983.7474556171443,10.058371502348871,17.440926711149952,0
16.729721451624755,77.44984609811955,1033.0078857791636,2.010496132536299,47.16494907505954,3
37.309139334160534,96.44189567639478,1006.8991433221653,29.260294004372117,9.142199181713817,3
34.642555580016335,21.45860661410893,1010.6259493402539,24.5092172181551,62.56819122613526,1
1.8087468042475763,35.662238854683686,1017.5955506655926,25.576422637379114,55.05316805962256,1
1.0546789798900802,20.605029998251368,1035.5829564038052,28.138956943016826,40.736552421283236,1
15.058534675121983,71.79797713236823,981.1469656657858,2.5531045835935604,52.13770214737412,1
32.422133231273314,91.84244391599896,1008.610608099069,11.567927775400001,89.65746584690102,2
39.49104517259778,39.47858372610394,1021.2633225458336,2.131046671320064,19.629430231106703,0
6.016675644141127,94.16276358370453,1023.3624174618938,6.3237930465008585,2.2564511705347234,0
23.765228614085405,24.821391223164866,1021.5519458922265,6.8809733111301705,86.16648846991009,1
15.235634265240861,94.75488214444114,988.0661077644874,14.07321633142736,57.71170823879065,1
38.79657591258413,48.12981497917075,997.9637353023008,8.056865023609278,89.06584554618424,1
33.684756925428346,28.11366627593732,1001.5229315250208,3.029343204532833,59.69452234131726,1
33.533148188445516,58.86974073490605,1028.2662324607702,5.024732672823231,81.01610899597024,1
18.74772639179881,40.542125417640634,996.7255923448732,4.418266906562728,42.967336335514794,0
16.592780093506608,42.78983215695383,992.6422978320322,29.192303937368948,74.98599312882688,1
10.93628287722825,44.58319719410292,1037.4468811422857,22.778775207554208,91.3041466889856,1
2.2550198660370846,84.24207182661307,980.5317971068081,29.032843958086858,57.21229637222063,1
34.588895050202126,63.132902134020355,1039.8692513409187,13.192214595237257,18.078515056237954,3
32.516040365203104,44.90461593248029,1020.6092779314438,8.351054449879697,26.879761503019818,0
39.98870693144522,68.82670266487347,1029.708157966947,23.9487959162756,19.86445768974058,1
39.86547348295622,77.29205393785548,997.6771637807716,9.787617541234404,24.685702759573292,0
22.217268224105098,41.8099200586827,980.8589166600236,8.981501211160449,30.64154493510364,3
30.75949660722042,53.08392812202812,1024.272171113692,6.975179766234936,55.51337867531885,1
37.79062919529712,29.750887466955803,1030.0486758200404,3.8903693467270606,58.79916294638328,1
33.98589562709646,34.491947962774425,1024.4285679172112,7.693891830502979,42.649974724186116,0
9.893924069727905,74.48942831719862,988.5710172380503,10.65959245421663,61.54207798208354,1
18.02176541240374,34.515067815650156,1025.2056753354182,20.219826244371912,8.157492561136593,1
5.166376606059799,62.01307069336481,1026.1353669264586,1.8769452665835473,8.778823705815997,1
38.16204109034889,76.72370093779462,1019.5124309402033,6.3152081899602885,17.182946035765845,1
24.246985378035202,28.55015384757951,1025.9669559677352,24.27070920875029,51.80774980403447,1
9.14571222013851,65.38497757031229,1030.7552863806638,4.407657707513123,21.399467869831355,0
26.86802737623427,40.525022696109104,1016.8162468542475,10.279354395675647,28.328440349257733,0
24.725129618315833,97.03415001900639,985.3162828381808,25.939767655744202,40.03128361729941,2
14.326508721313619,58.683651737593976,1009.2576685800326,4.64775933430328,81.18661240103798,1
4.542303687985161,84.47940398201266,984.6589600802963,2.482105068545697,1.3862135912860118,0
26.862927823711985,64.01812337250094,1004.4525818619459,14.536139852400325,64.93788202366224,1
20.812308036151734,23.473002628385533,1004.4263893475377,9.072585338356092,66.88765310406853,1
30.892735669425573,70.65211004752179,983.9605906484145,16.902250934515624,79.86557803566366,1
20.806540044479735,96.11226737653256,1000.9292320381687,24.114146714504255,93.27529390603132,3
34.0872600127416,68.1289456117065,986.6598859274789,4.114454644582295,2.0137848949289827,2
22.076273550979423,85.53510875414321,1028.4941126005533,17.42097253662855,15.378370551321618,1
22.43751886141545,90.73651706787263,1036.8612815578683,15.165262811695918,88.6171294055993,2
35.0661441063338,38.2463817559146,984.3389885154763,4.322363580395987,45.851856218701535,3
16.139314648495883,36.96358719265813,1037.306912437502,18.71995456586947,56.459063893346354,1
5.360609138025629,68.87847910807935,1011.3545959602047,8.209212535823148,66.30272037231474,1
1.151307052533559,52.882277584536375,997.9739406772325,14.635029556320374,67.90666044956374,1
30.20549022694476,87.18890422933762,984.6117245165698,2.4681697283118567,93.17404033165082,2
24.812382054138588,92.00184987184089,1010.037456084225,13.787521716408692,99.69494174116697,2
28.163190723968942,48.27371034421745,1027.670932669445,9.19390404128461,72.01574609309402,1
8.518566460356428,38.94964471795856,1022.4251886360018,24.67143633556063,28.72212092051508,2
5.4548590234707905,82.44204121950895,983.0135606878384,1.7093618099210484,87.97524022943436,2
0.5817866267152771,41.984482843850884,984.3741101220742,12.558218247549899,4.922091454076161,1
14.023502352263879,85.80914548109428,1004.1723969579582,13.75294272394314,23.10808528744962,1
23.596707474185322,53.89906029190102,997.7174296428766,21.750182288973562,89.73857174637149,1
15.689761803989292,73.40399194331764,993.9430593833629,17.22862725270633,25.619151443935493,2
17.498996880949164,27.642825106773454,996.8602699345228,20.01637011582543,22.065105962174847,3
36.166347779749934,69.90874597412585,1028.208964597813,23.311478569552683,13.812529314024724,1
13.930218680932015,56.14141429897833,1035.7536832179112,25.866089209745663,85.91117576469165,1
20.559579566392433,66.92867705403793,1004.306161671654,9.416264901674115,50.00582591910867,1
31.346120509645722,33.441136619589074,1034.36666012795,16.14068116091709,67.48932030541548,1
15.861711292850806,78.94989959553456,999.289742074873,25.203242353175995,23.906638407502967,2
24.88346800911494,89.02376620345828,1008.5862191806275,29.683533928951693,75.80404210112165,3
34.49454834986981,37.33918400726205,993.56173986896,26.685579331312894,76.00055449620984,1
37.98082494630569,27.657164441612938,1018.4285625305506,11.144017878731304,31.259802490830012,3
5.8829392371615175,21.89108688370691,1038.7388669104885,5.854995516559512,41.06826330102828,3
37.06350500645978,71.35772003546128,1016.2095857626027,14.681776122197661,20.969027743020085,1
19.684651723181528,68.56752288710246,1001.4688450468129,22.249243555081268,97.65610233229043,1
10.329775531958333,63.7357930171256,1018.8690467594317,14.777072122598927,64.56025770584117,1
18.36543024953045,38.555767689278035,987.3752407079232,14.495425899410055,93.45438807155155,1
39.201303011419085,51.27247967244117,1033.319544815924,25.14691263245402,30.338554362913317,0
19.704723759714785,67.55810681489385,1010.1850370467902,10.842113372015591,78.18909129968897,1
13.150064411500328,59.741348708733554,1006.9609845223786,25.79384024434937,76.5858643884742,1
25.33603417266903,99.02284161719098,1015.1518873072112,12.204144028551706,69.16556518665415,1
9.605824751127724,30.91518020453865,1017.4870317673641,9.846993170350181,96.56389752668004,1
3.0345331243465568,75.6115643238075,984.3065483735908,13.61969733599097,39.355533610631554,0
5.155188876425969,52.34550144834337,1020.9570332734041,22.873408760246054,13.07173235897573,1
5.121833558310898,54.25596919404918,994.5159008189318,3.780060835919828,67.17088592440608,1
6.076107740491774,77.4078212526541,1022.8371579503954,5.892576476160522,72.93098004772062,1
5.553086905976405,75.39489210594957,1029.3520876630519,28.54334476989276,57.506057345881466,1
25.634989792128586,99.30047949617506,1028.2375104531511,5.264748821440721,20.681789313339628,3
7.275203375965793,30.27154315633002,1013.1500580444733,17.031819537931636,50.445594166935535,1
13.826691332954528,28.328771950733305,1011.2101935386451,17.379433999858136,31.21897365691294,1
35.87153639624047,77.94710537029928,988.5725576803648,14.688733861507345,42.746652816668906,2
18.958465610514892,66.27095336051272,1026.5207690241882,19.34235745730456,64.52185758446639,1
26.702309540841085,41.93285332478447,996.2845628268028,6.8948017739285525,74.52147426908346,1
6.8927948480651935,26.35354951911893,1009.8017253690768,16.579868033302446,23.22246909013431,0
7.691560752346831,26.852659967714445,997.056445575651,11.165197657406914,40.532536064695336,2
1.6347446506591545,91.53526997312946,988.0297017799816,19.85001778887567,26.91615709916292,1
6.757402522886582,35.34938597749943,1017.7734618135042,4.236706301194484,19.86316138618691,1
11.143613561278345,45.86972496924166,983.2599220893742,17.126322505184287,78.33872199958384,1
7.080419371069873,38.13251217815904,1024.918714047572,5.558110661499711,90.92526944369924,1
3.5481013502822245,48.39970446655499,999.055207715667,8.359291893451092,37.02321856845767,3
4.825434844024032,25.55390741968747,980.0080815802692,6.561294009707497,75.12789243737669,1
18.43115072130903,61.52478327266163,1010.6677483542338,5.485133396064513,89.69952893644111,1
8.2533487362317,25.409005087377192,982.8111145116562,24.77132854682001,84.61242105302316,1
14.570794441923018,84.02852062578893,996.570173469254,8.57122702982671,18.28133885392259,3
20.136690834194276,38.69696655283464,1022.418589247343,27.81371345593348,95.62918815133614,1
27.615793145174614,63.20095316836085,983.7613772973119,29.097795760355726,37.66764404294625,3
1.5724855936439575,90.40632700491666,1030.36030954136,17.13781409811292,33.92406611738363,2
31.976415956361706,72.07018952377553,980.229195359515,4.290033679971792,6.2431327277780335,3
25.11601557963631,62.636622924106824,994.8094321521141,11.236447301387438,48.6173654104883,1
3.2703612779548763,45.94670024923005,1024.4542433691242,23.93196790044642,10.90136156409287,3
34.94314496427109,46.64015304465583,998.9762089837584,11.021721860912114,24.853982092742598,0
36.83489602127253,73.5589564158552,986.1135432839608,2.6105165490836626,31.694262176728138,0
2.44311839419455,99.5311488976934,1001.6140351280256,16.703547327845637,80.8826323491684,2
11.075105925888149,72.9471351879503,996.2235971830715,25.353625544881044,87.54886503958966,1
32.24805119172245,64.622673389602,1030.5627141296334,23.87779161430507,30.246631746146967,3
29.930387615346334,78.45204081913968,998.8008750551086,5.253694203910597,85.86981212445738,1
7.380840774255093,57.21644898269745,1027.3359483065603,20.182938432374,85.72309373697911,1
8.373972933468412,24.811387408062817,1033.5123286886442,6.615127903069413,76.46509503848735,1
14.81888411165528,64.98374527023279,1006.0290451745918,6.546226036565167,14.669511401518154,2
19.380919407640853,96.61002276043041,1034.5965886312636,26.222153199155553,69.0322846900729,1
24.730190861211838,34.02423538861277,1002.6390832377916,7.490068582206905,94.50240645805688,1
14.756545582790896,75.20039126565325,1037.8447049894064,7.897420395540335,68.2540478767157,1
18.501388645325918,36.07469509272452,985.3573714715344,0.019601722838986646,33.16168491078339,0
29.89883752535026,62.8662147578465,1021.2211559901946,26.12007102376553,50.05793174308313,1
1.467328115623916,27.73411597173757,1009.6288424274157,23.77784439627404,64.57250433510536,1
10.09747777376083,56.02967490065481,1003.2589283273388,18.81986805272034,51.05704087285036,1
28.533983435382098,80.49306631161969,1017.9627127249161,22.50797291816527,11.995294173096982,0
35.808273507487975,47.80572193911857,1022.2314254980598,4.5614570227347535,31.206404465202063,0
20.467097684626644,73.19293795897744,980.2617961790186,13.749707837627263,80.23960305536325,1
21.284539410612627,83.63599686317833,990.0171853248319,10.536581620463426,86.14180460955174,2
4.286880453591042,94.17422555835621,1022.7827630380591,2.8132957877104947,13.730003271557024,2
17.896494672938186,38.77136654843628,1019.9831248146924,14.583914556447722,95.23867523987246,1
21.304690658200926,51.94527326474465,1037.9628503077206,27.62218951027906,32.88226178486093,1
9.698820145389186,32.19328106643339,1025.662267415047,1.2017735715208344,66.231373873072,1
10.769729237975238,99.39868017267001,1037.0463624638803,8.743827404813816,75.18251459566811,2
15.091366524184906,94.16007743394363,1022.1524300920884,6.226228086171104,81.19462346378835,2
0.8028479111090547,63.196570422444765,997.8831325183666,7.14439960997089,94.57497022259301,1
12.883166623327131,87.3626635501137,986.3218953350514,27.253036556381257,31.29195480288226,3
8.457920279861785,61.67663818176337,1026.9094318006962,14.042071627028704,85.85064545515544,1
13.099894087116585,69.88685504022078,1018.6489532885549,13.988982388194565,13.168690343620703,0
4.790485272770049,27.12995456928133,982.8911607435978,22.817269273658468,70.50409063535928,1
35.6210912295958,80.42163363974464,1001.6030279540587,4.634766120147774,74.19777295139859,2
23.743698142161946,30.217078690818788,1037.4079889290572,14.617960623001524,67.77232412013204,1
27.164092765779586,86.08541042020227,1010.024068742612,12.899556423631791,25.2314736135153,0
31.566849544293532,82.56224701363087,1005.9637481611823,17.907320716399685,87.30431470152034,2
19.93768795716229,76.69957581943811,1007.4619763095576,29.986731097513157,16.8858463370395,0
3.4768115234969477,22.89283044198097,992.5329634403098,23.083466822461414,5.363479152083084,1
21.484261672741912,44.250268475626285,1002.1224302518877,11.935971090522816,71.74649906119122,1
23.473644720835164,41.04900559286743,1002.1887953592307,24.82659156822141,47.54757152327337,1
29.8175789673732,48.810912597721526,983.1413012112483,5.121250899374406,84.90980199586761,1
17.266381849187177,27.011419741107083,1026.054057711075,0.9139105892688038,38.3397141058259,2
5.10321211182255,94.95662584248502,1004.9902659142327,6.133451173928192,16.827858850771282,1
11.351036231948978,64.3041792569901,1029.3307932089854,10.21234668342779,83.64421924698698,1
14.523291855945404,44.44194485264188,1031.0208800671937,15.317422723786796,54.89096316400717,1
25.83668965326405,51.75852136594267,992.7196432819195,18.453874216235995,18.91957923903549,3
22.831132186756477,55.77620324038685,1019.4412089302077,27.318171516432653,72.03839985864458,1
14.24386903591385,68.04754666884938,1008.3369082497788,15.29562028651373,51.111363848950056,1
39.460609951719185,61.25435421571982,1032.8094042752891,15.038269338771881,60.431298224031984,1
24.230992774275485,93.55135785715339,992.9444407505872,1.507290294689464,46.089833820658185,2
9.48907166943978,59.75707863246642,1020.6687920186026,1.0473465796867143,82.87089838180064,1
4.07129890481615,99.372641185865,1016.4651273351634,16.53479885749116,82.95627156830498,2
6.114365567373281,88.11399661960766,997.71808865431,13.145358397450336,70.93888218243862,2
9.838309135380324,36.680841148586865,988.1960542190703,25.17541184940896,10.540137739646227,2
6.427254930382227,94.4476171715133,1019.0983856286366,4.820387541355355,83.88538619040689,2
7.4626809620522305,29.309311830838087,1024.31584748794,0.7491498635114879,67.10129805329098,1
11.403806747753883,85.39597667929533,998.937640625801,13.471163037903777,69.70241660042996,1
6.934943811790193,50.4498634781264,1018.6899562413388,7.124356702567725,36.298284040387166,3
35.870616985057005,90.23794563560556,1003.7078544566901,1.4884312001651234,87.92795561570067,2
3.2093498264656883,89.44453520859602,1022.7924129969571,21.73794860542887,72.53716002348575,3
20.980455582810187,84.4740320094097,991.9529164936432,3.347789998717424,11.259046652919446,3
16.41587307958646,83.20243490456491,1033.4129001581705,18.24958500023315,40.77780344061627,3
39.29514467634426,44.37433112784326,997.2445757879348,8.431492505006675,88.63803619601417,1
4.481556086722094,26.473542644100174,1002.0671592653691,5.204881510650661,4.719670169737899,2
15.914223961829666,52.23841430121291,983.485517124821,11.392545687579524,96.14166196420496,1
38.77881733101476,33.88196119892069,986.6907327392765,24.04337328668861,67.91625683195628,1
34.62028503575921,75.59608711219694,1010.9517141627397,11.76280730713718,63.13759776433766,1
32.6828828379712,47.687978123022845,996.0555606036783,22.52308947633167,27.05592564879914,0
10.316113081797592,98.04881606879319,1030.1288135445316,3.764588903974521,24.879178873917706,2
6.835503495602633,71.27776618762655,980.8816033192973,23.183142589952375,94.20582194885955,1
26.74572879697724,85.79844509074887,1002.7456429203162,7.107999747199459,29.827245423412275,2
37.17503956510343,30.601973819347876,1000.2407328061456,20.321793896666183,77.55052967189994,1
22.270515720557192,88.9611585818098,981.159657855056,16.97344664522989,39.31217982070792,3
22.864507578795994,93.82057524107155,987.4621039400306,27.87434151635062,13.925407078470398,3
11.199163746411367,58.96495350551487,1004.8185604951182,11.61967553925942,1.071529769535895,0
30.779717327677474,68.5002350200782,1009.5718750668468,1.9849556650332134,54.42573370152508,1
7.481749942300935,81.18478407223964,1004.2573848352921,0.5746645665375871,97.57788185489326,2
12.947169456169746,33.98709018083301,1011.8562607047256,24.805756829182595,36.91361938092045,1
17.017457544656672,60.205286117075396,1015.707900494341,15.742069129842966,35.719233399304485,0
20.3044151473782,51.89304222178505,980.5954292676702,23.257321555048478,34.40916178494421,3
9.69638929660321,31.70991937297993,1007.8457095672102,7.032768000345441,52.054383730485846,1
4.593472989568141,49.40275378332252,1037.8099544532554,10.352512365397011,44.06648834242935,2
24.424801697665302,25.453784750839485,1011.1419368077729,0.9031161663395681,87.99146267270145,1
11.54522212961023,22.06495255595896,1020.6525360475372,28.844769737223366,50.55207917234903,1
23.24952885690449,30.81330313238582,998.711831475013,20.036037201024403,50.77578381885688,1
6.1745086109680924,97.0492089271339,1026.4394826891657,27.996152632779186,13.83715947205566,3
19.2456040741927,63.96236287160136,1026.375288912567,7.9648922228721695,98.27395409103859,1
21.303577302063434,97.2657728922576,1011.2777628592484,18.343908336769825,24.99728908688297,1
2.0729414728970763,54.59983026641056,1038.5608293967528,20.354999048779135,7.336406745960266,0
13.464171127756824,44.945290646820766,987.5330128857591,9.526491007727653,66.31462489752089,1
5.37658707755897,60.49134902721953,981.0168598933749,25.4432770504689,59.53663701568727,1
2.5349988189107098,55.16093509063281,1026.2094927054259,28.414843887007436,41.514565399274574,0
39.59840929559781,28.453174740939513,1028.429332241893,26.54565353088013,42.2192233880678,2
12.894153798988919,71.2661051752165,987.2124337472346,22.172009278181175,78.50639210464311,1
32.3949778341854,37.28305460076797,995.9349699775164,8.323940391748621,19.571264009964906,0
10.185626190550554,69.56703639182636,981.0531418019978,8.448481263168953,82.02533189448897,1
27.26010888895717,72.01608739185227,997.5985166468339,28.90080961338114,64.87471138950181,1
30.409114395587462,32.16198825029185,1026.3885124351202,0.30853487807076085,41.89697737795244,0
23.825549624313773,24.907970168853453,1011.0776316627547,21.481499197264334,45.80286165838686,0
18.863047542006335,82.46092688547519,1000.8857355900973,21.187384876657866,25.66472071860958,3
16.473636565890743,56.78403390154561,1002.3043576943799,18.680686228493922,75.21143326969748,1
13.954730661719811,24.65310364043806,980.0812175429281,29.703265382605974,51.287474230526776,1
37.18116576991304,99.58930537358137,997.9880316539142,9.356383072911758,32.08545427498436,0
33.22477631150917,24.62244487970933,1018.7875244982758,10.199155913797446,59.60501157609502,1
38.601076426660505,75.60281830868425,1038.4516666289815,2.3681820883966664,99.5734452051323,1
4.971888939421789,98.69431402107308,1030.8236496190339,13.283944096312123,43.52622796565539,0
29.23469900814577,39.13440833727405,981.4156978787317,7.831455787045442,92.06914007786196,1
37.533618272841515,31.379949494975694,1033.9136362804904,10.301601065329326,34.50168399245661,0
7.249322646626406,29.71079515379431,1026.9919047979176,25.03715370766883,5.4732706924985886,2
2.6598506946711,44.262011805407646,1026.8225674142589,28.064535405824873,20.424210636842886,2
29.644825971602362,28.083664880851735,1007.4797455402143,5.571992160155569,41.86951433276842,3
22.978924527196476,75.37290733553056,1003.8803175772701,11.175267946603975,21.963492859456903,0
33.67315107033088,24.983343850405014,998.1749437299916,27.858916863461822,0.02270382182555375,0
5.59089506505158,60.75377025198318,983.9416915372619,1.854253820676679,91.50015377475272,1
31.81069247439561,99.73574830823814,993.694121809622,2.7708158433413557,84.3879411230929,2
8.065092801909781,85.11762156048151,994.7962180986815,4.883729676186881,74.22922314869471,2
6.54623771462818,69.21755505848087,1009.0446241826121,17.856385023806244,16.781459564602862,2
6.570631917239718,44.500289662928935,1024.8466643958016,4.514168130179924,12.036357620998606,2
32.58298880925528,69.91166690333108,1008.4285897038768,29.042291443522004,6.760474947238315,3
26.607888827848004,62.163317112932134,983.4706669668296,13.40143581775561,72.40291887729212,1
20.922616990764773,54.086670711229715,1037.4673880592923,15.045538810504992,92.88079606878853,1
14.353219364940099,30.45683013921596,1036.5634591456467,7.399758474162194,43.053582091303696,1
35.08802163252433,90.92833721923733,1027.1113725889045,14.128807573042005,11.914067199604816,0
15.697804296905415,55.9827719057058,1039.4796740938532,19.857408979110346,51.23928207321066,1
32.66397757886308,35.56980094566121,1012.6689399680158,22.535314108621282,34.88319074586301,2
17.565396342808736,49.420748070183166,1037.7661010151924,22.61604248129739,37.48249243499977,3
15.077777176996303,53.130380202314164,984.536302437005,17.33673338082265,62.13306241557073,1
18.507191426784257,86.20303164534994,1001.9408448956823,27.130793249815717,71.87181132622024,3
12.055114966565682,78.68915044491217,993.5228760804059,24.522235419183282,11.060359887316086,3
29.904375207050045,81.54439149130718,991.7499850480561,22.711443440958764,3.5590230806476386,3
20.108815603699167,20.882501154291777,988.4481769335606,1.6681656504138187,99.43303026857149,1
9.288507805872692,53.29231985438092,1017.3448184939598,0.20633886658947942,23.272834891555185,2
35.982982930982736,58.50753213082589,1026.8793113448382,6.373418315864189,5.383052490845907,0
15.355648854928457,21.535382145844537,1014.6979039652216,19.905707817403567,18.987532909591998,1
21.742114444559544,40.785056699602734,988.8177625752926,12.335924666476375,3.895784634846422,0
36.25888443858188,80.8231858497708,1028.6674261960084,12.072187778979352,39.181089461717164,3
24.969519836559684,30.968776458319923,1018.1572824298237,26.537606646888413,80.24017844513243,1
4.675921628334563,62.824810516207336,1003.2899423676197,26.866885443955162,34.124444975772064,3
37.59328494453901,37.216149761379,1020.4478177321638,27.275257921607572,44.418340687836654,1
25.108322122856713,20.969661971511464,995.59429875457,9.41634229545082,67.55867735674389,1
13.396224586283445,39.29611660796332,1000.7115325096527,20.731674382177854,50.889407006988016,1
5.57088290653549,98.0699003928043,1035.0491505879195,8.14899543823109,86.14456860213242,2
31.761007570811838,84.12296895063916,997.4302703402852,5.718294992233494,86.60356750457565,2
24.80291023714054,96.76613154568267,1008.1992960894762,5.538973720421076,0.9910695491153643,0
21.33844367905286,59.028323514109,1033.4084682437608,10.263228625907821,77.80463064831991,1
35.75570332203831,28.778895894200282,1022.4632810160516,12.898728593394651,46.073360024167386,3
31.543888448981228,63.83675911789544,983.7321935698822,24.92847513165205,98.88405413036631,1
6.066995189310047,56.350186764796874,988.8381826567382,3.5967328041813627,48.323207587543514,3
12.46888271182193,87.54856661916928,980.470495446315,22.047775421846826,98.68959453882975,3
9.93956559257863,27.846606462739565,1017.8553074137498,15.94364742567916,75.45693612057366,1
29.75785170290708,59.059290961742256,1006.8604055246251,8.638360280279775,24.860488461330633,0
1.3412973894311753,32.00389317551874,988.0564910541366,14.784587535984738,53.83949792869577,1
22.79558739485266,45.974074151204796,1037.4760472634061,8.998262093310679,99.21356394785828,1
30.49834742962762,78.98856619102398,1011.7795834367372,17.88245865714918,85.75306077519237,1
35.07062547046998,58.081450349501324,994.5135976467734,13.015317685657326,9.73668937912211,3
13.683269948636298,50.07106281166155,1010.0362142692825,4.932165872366362,70.6371996809996,1
32.850292186880516,51.55810228560283,1020.7772199641065,3.497492236670902,34.5579585870813,0
4.425269478208289,56.75574147247893,984.5743530784139,16.400870462163905,0.6982261880348117,3
33.85809166938073,82.80132350696455,996.4822289028735,27.072390998583103,40.34809690269996,0
5.099546493279297,91.36677511521876,1028.4179294530395,10.318730596730566,23.47544217249713,1
15.89149162241469,96.42677492031426,1007.5798922241597,21.990003216678698,81.88692705204716,3
31.891814631182143,82.9522709004236,1012.7946285219377,19.75984064819301,33.733060884576545,3
5.996697093950951,45.23255165984102,1005.9689601325681,27.94664742928443,82.7523693953817,1
9.170055809305659,75.05077648692337,982.6339965585803,24.629430518974225,0.05979388347953085,1
28.89010273572265,55.008249924431354,989.9449867892093,16.99815776716389,30.781915002611914,3
28.801461461842976,40.37364976368409,1006.7324983245135,19.71091494702322,24.116521430776196,0
25.64590531541189,87.26972635407381,992.5511279244756,26.951593997521044,23.3567361068611,3
27.757937778684003,23.074107916986,982.9987417195807,11.985563537608044,6.81866197654627,0
21.708977733903847,92.14095937083388,1030.6189798431094,9.803841175733321,18.712427041050173,2
10.07196235627811,56.91819716997873,1038.871551749847,0.3243325090558902,55.55495698856199,1
13.827839740156778,70.97611814466244,1027.5885724398045,24.796532225743928,29.13610728377445,0
7.263908672057027,72.74831377646262,1031.22709530228,24.029421012100947,41.73947823291479,1
36.33802245334513,91.60941925652291,994.5186278190228,3.1336355430045417,37.68668803471885,1
23.335671790644817,70.93357457337659,1037.637618530792,17.305721433981006,87.59049249998945,1
16.034056670545596,69.11468678080494,991.8155422672057,13.919450945006622,90.52989990105155,1
18.480232145765306,25.332163244855195,1037.08578862171,3.561272865273344,49.295697165586006,1
37.89133358447261,61.47264175561632,1039.6891576379571,29.417046811821706,33.01559503156044,0
6.134056124643208,32.01352006536333,1022.7033683447629,6.440876623900663,10.680070400236364,2
23.44919328067189,78.99470149771885,1038.8686239075093,2.0170254027168344,95.3402879382095,1
20.23554715537864,60.97775366501396,1014.1723867740262,17.845421385057286,6.022694490029745,1
24.458169417385914,74.41822233666826,995.5725069905654,22.16600031399098,29.765027756828044,0
0.7244073528336203,23.333832048190743,1006.2197531399372,0.9733033814156089,29.806620117000413,3
34.88495635776606,26.783361283664256,1015.6136561227272,19.761529161810664,32.04012861402149,1
37.28473129934449,77.30587104501458,984.3848937216209,15.968756278543633,16.428684327240926,1
22.60532734356836,25.76674687989387,1017.3405958770347,3.0979502662514524,78.31614309236971,1
27.86603295507569,25.70053822122069,1038.8706702057377,5.175716308390862,12.249786196598922,0
36.89997524709183,20.968678018790996,991.4064589870237,17.039228919482415,63.49066591531628,1
28.289545372535944,96.5201118639584,1027.555706977303,8.89072840539865,12.384602670581746,2
6.101561716570454,79.00066875672056,1034.4739276267771,28.14947185953948,7.053563759295656,1
23.051534406672527,48.260112680165136,1036.6220955692133,24.562206884521522,90.94295036858765,1
24.268601855314238,43.72284650301242,1037.6081362643267,29.50701619540989,19.01287663187057,1
16.96522685209544,47.97625837966797,1011.2875783232884,7.79012516851242,82.12501545597043,1
29.457769424988914,81.97228249449455,1038.6384744794902,29.09170898393931,54.46308711071358,1
37.37468059076059,72.90964888563315,1025.4386124280663,12.937016093746736,7.78565196087696,3
37.02274051627106,34.815645429397435,989.7002861742177,10.42556385941264,95.54481914380675,1
18.033574856165284,33.92874682672675,1008.6140063880782,1.5104858090805973,24.696116699189254,0
4.52952183363021,27.871651977071785,1023.0998705223202,1.5829577357880786,85.96453453526065,1
39.39364795849338,72.82421757610706,994.840418949145,20.76033767839964,16.88100057845642,0
33.555923457837366,81.14981297773888,1018.4369110129333,13.737869833020838,85.39428821418528,2
4.986507248130674,41.20371426600032,1019.9960287427972,6.795648781083171,1.3228812905293985,2
36.83367530469489,21.675596882473023,989.7619846285139,18.41910918975698,51.178045656948065,1
34.79585448248513,26.573733398114186,1013.9051187471654,7.585743547503335,76.94425794215569,1
20.753522285042884,97.42880278760244,1026.2976146587164,17.32895263033268,93.47955174927833,2
23.65101742979717,43.63558219819362,1009.9337398721565,10.77626240948071,90.92021362064871,1
15.96010815480521,81.53785182705069,980.7261870065664,24.706566798354572,81.96248695476449,3
2.1904655528812533,69.9730855083411,980.5423081447575,24.62088482300338,88.8191349661304,1
13.407889665836038,50.555171172231674,1001.4217606382007,14.32051194367204,19.92196858370765,3
32.114137943920454,36.45498097564441,1035.571644105907,10.524573280050468,28.418429571172876,0
0.18528092018411435,29.710913452752514,993.7206067762165,10.876793896772837,28.89685249210585,0
13.339966867645767,69.20103744310933,1018.0618213323012,24.171435770046536,37.70539310016988,3
15.926747743637733,81.97070245102304,993.3245522415992,9.84538448392836,39.33206703851887,0
21.495824117516914,71.51234028329046,999.3001993795729,6.271781211205381,54.45553246546755,1
36.79422465651042,62.42417065993266,1030.882525376089,2.540650256259205,15.987976336644138,3
13.85383977463845,23.356097874530903,1023.7316865361968,14.000793626532252,69.12466637859893,1
13.878128075849109,97.47910220755071,985.7239566387926,14.463962967595256,16.75665393045065,2
29.500049924389934,83.89713533236596,1005.722121259186,25.227261312087215,31.030848210454753,1
18.088717635592285,43.42576293607718,981.7501858187159,6.637160893381919,50.33451306061541,1
8.984192917599279,98.39762634870806,1008.8534087961806,11.429738210051998,79.64405615234773,2
18.097580645307737,68.15052717090578,1019.7460407020641,24.252172166810727,73.94692332387272,1
5.634280815191994,66.59381265657971,987.1101574158891,24.708708322469207,64.55343564105223,1
7.055479460248932,79.84585435436257,997.33309633455,11.538332279363047,15.577326058017016,2
19.934710909579188,84.941583047211,1003.8701975301294,13.773720698600426,54.70453456155777,1
16.757017980181917,72.51828858652021,1035.171861479363,9.098576725478488,8.744650179988545,0
36.593836042724,30.247659709296002,1039.5953009253778,27.976646352579362,37.73631767966508,2
14.495755964665324,47.06140047955987,982.694677939737,3.559312972247409,41.35165302899592,1
23.22353401112174,94.24669122608398,1025.6604754097236,28.012482690044102,3.9811439445753827,2
25.290571516781213,37.969248947508156,1002.3034439841406,20.515993555060298,27.398809946997183,0
0.5237782635333454,49.77336190700107,1003.5474911737688,15.947164580601935,95.56494672664894,1
26.541494880668424,54.56615063553568,1025.2558984008213,0.9797718235348762,95.36326078296895,1
7.121438674790057,55.15239917555618,1035.1055859287246,14.267885754660249,35.23270542525393,0
38.442812698778205,69.03516659956205,1037.055715670153,12.232443150081968,4.310010894832406,0
5.946509110124518,95.4460670195766,1014.6273551622993,4.836564359253677,17.909493932818155,2
16.58496494908095,39.2554169466004,1001.4272695580302,19.692288105019706,39.221779343354015,1
3.4139867231457544,29.720110104073445,1027.2529451515268,29.134527221048575,94.77796979692297,1
39.87497007383789,35.79763918879499,995.0600829957381,16.865664331935754,14.119906353718491,0
20.087800413249703,90.95399201674157,1013.8444417300111,21.442598293318376,76.35158436682123,3
23.815400692801752,71.66486501241648,1001.5147076914924,2.0535135769805035,10.868253937469207,2
2.683059095537099,42.87254313913281,1019.3978644224726,12.530009874509842,98.12575773912768,1
29.998418815967113,85.27575511748938,994.4239347736104,3.490754554934876,38.161649910913496,1
8.39622372382343,88.90959970907488,991.4955767440896,18.383875066095314,77.5234538899056,2
35.922171577628546,87.72114709522225,1035.0943452005263,28.154464746424637,34.259108281113186,3
8.205585619280287,93.51412269116436,986.1082209769722,19.853331974149157,62.76688771588087,1
7.627508826546663,40.17928161386892,1010.357474464096,2.304091449432646,19.201608474003674,1
1.4619867139237952,80.40335429970227,993.2511669777805,10.639986149552485,14.602101929696254,3
18.882677804399968,56.8431597819312,982.33579779954,16.519901383225545,93.80641395681313,1
22.593645330504657,87.35988423120492,982.1611290974856,12.096232683997567,91.76472779044335,2
2.6283455771340947,78.27925417292906,990.5133063263496,25.00932031425517,88.74689402128824,1
31.021104667800422,82.11579571997797,1032.0062212703601,24.440130141299676,62.543345016659345,1
18.131553389921105,72.49294701448572,996.9487246386216,18.354930603096644,80.82682112162783,1
20.975610773103202,34.19430155757655,1037.0275502345178,11.203738353981157,6.903693691137491,2
17.630509877529125,63.60215351175506,1014.8973375793516,7.660091212897324,33.47890418906792,1
16.03052243501304,98.77357916196065,1006.196851386126,3.1762295463938797,31.37031247571562,3
22.385613252328717,94.99104531976951,1014.8053300801673,10.646930504596622,63.56453219526132,1
6.2096098372285,23.453898863760934,1011.0019031135761,12.395175516231586,35.59577734706405,3
7.277125219810845,33.18518525835497,1025.5265752254395,20.27468775312221,14.85067816436808,3
34.47142484054069,30.538301876364955,996.9497639583711,19.744794728927204,59.646707541354374,1
37.84461848534531,78.07839279882364,1001.1830234960181,2.1032441892377083,81.43839206690815,1
14.932372651190118,85.4228263885556,1033.6456581519951,11.857779462934733,38.21234944599732,0
10.829786925742152,37.080909304853755,1036.7873907890244,5.4533660165208575,13.22687150984817,2
25.75998172956063,60.46821543614632,1033.5534936491886,4.7043811595041705,19.668819731282305,3
16.349366843923857,87.256242240896,1005.1668796374388,24.819064492117377,23.7483305169384,1
1.0154542264137945,78.62412358130004,1026.821930180413,1.257456501487726,29.989759299453624,3
6.246103894647614,63.378976439347866,1008.580143998066,12.57548627706364,64.27950705063091,1
28.638889153895903,67.22781523670183,1009.8523911287662,5.046109672995546,60.0945484537719,1
26.356957676406054,60.6688437533024,992.280806543437,26.37990647035422,69.60798615670392,1
1.0838397001393396,43.803876105505644,1015.467818195511,16.711215398251053,36.25019845315131,0
8.878886477317977,65.20175942872129,991.1681538652009,6.941419091305441,82.39976518799783,1
9.242991863522857,75.11082416400725,999.8938819440316,15.072818614991291,20.40876611557603,2
26.875709743949137,89.86583326886462,1031.301812097196,21.944590791093475,46.90407475181539,0
0.7884215101745662,70.90330831833984,992.4245485526513,28.743540267583015,80.09387215414303,1
4.164343279382954,80.88972296345264,984.269497110406,6.613380127362568,18.015864773261924,0
31.996643414927576,32.805730796365836,984.140455556769,26.585453163880352,10.986311374078294,0
7.1417864821733446,56.92459795358319,1036.4470712301866,28.029123425024707,88.36839676879897,1
26.109844314074987,20.746529586167462,1010.4152262777101,27.492616335961987,34.29296627591959,0
9.52731124186906,39.73430916172984,1004.5647243090211,19.062430705857295,68.3870124909032,1
3.9776557103738064,78.11693720904039,1028.652714860475,18.89461963304123,2.534860426393848,1
9.726887639978163,99.34479610794908,1030.1495556746308,12.096318995514682,69.00468884094497,1
28.890677274226366,27.934247966977274,999.9314619869363,22.571936469113638,31.61013115469705,2
34.22785872425143,52.11954526890306,1021.6170834484277,15.938820550527957,5.574085358744174,2
33.208794582679666,84.00567749593276,1026.2673689511132,20.323142136848833,60.9812761548117,1
15.887341184738194,36.32285077031191,1019.2790412119573,12.853737115463863,24.080381607317324,1
26.723405462825845,64.4067959441829,989.0957044880059,21.94489392129417,38.680724205188,2
8.199371816632839,78.64570368237398,1032.5529850110233,24.734145528136473,8.058081228651359,0
11.72590921044053,69.27883602081432,1012.3456731641605,4.393087698084484,14.716325109494532,2
35.85343274084479,35.04197876923329,996.9483455822002,24.98789146722684,29.797723549584376,0
0.5200769404294414,48.43076549485915,1005.5136911262616,16.208895953709217,8.975950056015714,1
3.420341234178723,82.70334275883178,982.2542654239345,25.33997727270673,91.08262646863152,3
8.315450205841092,64.33812113056133,987.6720080733451,12.939051190230439,0.6047043183978418,0
1.0612881549527886,20.41836908343302,1025.9328050309516,11.371214561491051,48.38602188643114,1
7.257417403591893,80.8792608022475,980.0006980853219,27.451821975516673,12.324745813255145,3
23.321662438787687,22.824908395219126,1004.9939497089375,7.535078026452039,30.767908947794854,0
16.856982023699917,79.65870261849858,1011.3506108651353,25.326369758584292,92.60595598182655,1
35.706868443078996,36.19844481321899,983.2780652000583,14.520617175282123,16.169455327398687,0
32.69774246953764,96.64587840955042,1038.3846897783399,15.422863276537791,96.58323197183326,2
13.672694067915039,49.43526010416676,993.5675198749803,9.254048444684521,20.579437698942172,0
10.3769373372517,46.15452930704633,998.2519231781769,17.19126601857047,74.15661084668295,1
15.187696326690677,31.911044026595576,998.2365507353016,9.756335888286339,54.66772648973117,1
23.61179770059231,44.44833723921719,993.824999727041,1.1780824272495694,88.44787275967592,1
10.72254563291505,90.13206094625605,980.0884293251787,8.159958160330682,55.399325550313094,1
24.96595631396536,99.70674701017978,1023.7606876452797,0.19137130219772036,53.45592191563087,1
16.376466087649618,49.464762440547865,1038.0107299879571,29.3506436117057,19.54580003683999,2
22.08188723407921,55.8888504763634,993.4576089971027,28.972416294592424,16.62293620516587,0
17.445061165412667,77.76567505621897,1019.7828315082054,11.85465892416915,91.64891511155142,1
11.778630381676706,90.89566243720596,1024.513779617523,21.85112563018938,32.78381988500341,1
37.938132278486265,67.44354673494273,1030.9055227454314,10.374182952312749,37.20822549628959,2
30.544231766390432,51.32205585422635,1005.3577518208166,20.132794712579283,75.98236584283885,1
5.604527030658102,53.0097472678899,998.1758543384258,24.162901291379374,33.882348242280734,3
34.73871903591651,75.64945171974455,999.5177080413819,28.402687340767223,95.20624466390028,1
19.497247929980546,20.257461088342296,1022.7572799859108,12.00636827549016,73.79277689988002,1
35.78208907576366,69.56714699678726,1029.0067679903382,23.49893948868143,59.742924257342,1
31.99421023789261,48.43944083530859,990.8968380653962,7.977853518963563,88.08951605447525,1
17.008540178769337,83.53578650216674,1002.2564604894659,29.70996911380945,4.960590834948276,1
0.8987723328046959,27.439251185850573,1034.116411804949,0.7730879629305343,25.706269218920873,3
10.747094375397843,67.05618135587125,1028.4016111816843,18.10586419503363,46.50363342209099,3
21.665368586434678,58.4778311908899,1039.0915041657486,19.785179449539815,22.6978539471521,3
25.33912879304589,71.38604207241819,1025.2548955809248,20.641366712223864,74.39051873021519,1
10.315507417328092,25.18828755863747,1003.5917120616754,3.61162736367267,91.92080310537251,1
5.574242962912965,66.3987029942505,1015.4382700396783,28.155893504193912,42.37701199309234,0
33.39720947197196,64.91876703676189,1019.6608552548392,5.435498371502484,34.2132600111895,1
39.37608722814208,64.85280755329367,984.7073489790274,18.682602097195232,96.15507321375662,1
21.027607292107433,68.27901332771638,1012.6698175462319,6.680282373692549,44.485243282754084,1
6.86717143393214,74.11743497810897,1022.5592497083566,9.216492510638126,48.90484004492832,0
10.892293060774758,84.39911997446158,990.0392782400636,16.39375625184373,35.164987234190534,2
0.7356270618986693,41.585657610257144,1026.8379030455335,12.515802556937295,90.95484730121383,1
36.57195226241996,86.00395281440497,1015.0263668308467,4.806768029295188,56.89554832818507,1
4.710043315605645,59.86045458107629,1037.1333071418558,5.128092072625448,76.21745871816447,1
23.060659020570142,26.164662330746495,982.5453378924135,12.54434364488399,81.18067183508863,1
10.96220882748824,24.684074339518336,995.9195682533281,22.71848934826502,34.18490419172582,3
22.167120100631735,46.73906549568486,1016.0932327579894,26.938939405433658,43.369433132038004,1
26.05681553407457,82.7917581689174,997.7935947323558,2.523829867781485,84.84717744062647,2
33.18967214828807,76.61447477927325,1022.8654498442745,11.793117226782032,36.32553516758102,0
8.256850870424127,83.08919717379251,1025.5403169513158,3.007366911686299,79.39351334518513,2
0.4398331463392191,61.38152451532875,986.1509578439885,0.4977744189779365,94.09923225744372,1
5.475425202752291,55.21591983643924,1010.8312678524061,19.8515604793187,62.3210373068007,1
36.0007456739242,31.796202136502714,1010.5334333354633,18.073483258997634,74.16272874518889,1
34.95560310250061,46.25542028874492,1002.1568462129325,4.890573414446586,80.50973120411349,1
23.89652408681233,54.72154929391002,1035.9754917541804,7.014384992791923,84.50396488966425,1
24.020674417346136,27.08803437436938,1029.6503791923933,0.7112326093355514,39.505333785679596,3
26.60146698185022,37.6489562168969,1021.8325629145781,25.048416170832112,5.126345917599817,0
7.014851144937984,67.8580235250991,1022.8595981440999,29.240717881456543,40.187627123673956,2
36.57647783699839,78.85304913913518,1007.7029686287872,4.063786103840724,67.37562297840898,1
16.750820995682925,99.86780091143598,1035.2596712657946,6.944256412958944,45.03503857807928,2
15.325541129979898,94.64906650748462,1021.6757256351971,26.052285718408022,74.89631508603985,3
20.7567082113135,71.40521596281532,1023.7388636993489,27.793913938685545,35.69824294686639,3
1.8786386710022018,53.69984426352576,1031.7014542272407,12.58882148420431,63.474414110402954,1
6.651334750243176,70.89418917665861,996.4442953605314,1.5186741680722238,18.641980485397458,2
29.52134465705482,82.85212944641856,1028.424254232002,1.181755010784582,74.93694366449569,2
3.3119467170050587,29.466895273870986,991.7144361773895,17.218495982070312,54.56959688130259,1
24.126084378655527,52.79239117570306,1000.7205171346933,11.78685326679537,20.40643885466006,1
9.813964387252838,87.18418285084938,1000.1366272561905,0.8595728273296355,29.191117349780725,1
15.571824561679062,50.70663615464352,1038.7115281033484,17.4975717693767,74.86087085818323,1
11.547749470827995,65.74978169817493,1031.3922334248757,0.33907609767067415,48.26012356615207,1
14.226908658597965,67.02154886897586,1022.0701916954156,23.62115874447819,21.60314403930722,2
28.761836207369818,34.75810025069115,1023.6234056969234,9.192984681101148,96.72711903702977,1
11.884868624927002,48.97883533218307,1013.7243676641542,1.207740090276963,71.51250198168879,1
22.656185611875888,46.76090309935457,1036.8254400265112,17.650566629494598,95.71348325397962,1
19.042016087963987,22.09573668256518,1009.7755251729417,11.93053243299164,42.71050453603432,1
26.546846614505924,21.935341111308418,1002.8310625921937,29.214012400714484,47.51003406917205,0
37.47318957299032,86.53576349406188,989.7821202158955,16.325959875111067,89.79552161850192,2
29.302883888410012,41.845664797824995,1027.1723391356634,8.257175431110248,52.504934024538464,1
8.597615143630271,61.44630129910524,1024.0666359245356,21.28316593901924,70.72789119056672,1
1.247325402451387,43.898045887101844,1003.0613023114481,8.14476007628134,25.217287749552998,1
10.490561771993004,95.25433960922724,981.5116048375537,27.12729874222695,44.67264687026405,1
23.803117228010194,40.7437407092619,1030.3398396630807,11.241659115221292,12.34498658103551,2
2.057032539370014,54.37254501911481,980.6850790072444,16.49605688328616,20.59800358769617,1
19.854649888049455,89.81842003876815,1022.221986777743,1.5171931147268658,0.0943415267631087,3
23.87371395667557,87.3546853433447,1038.2154265835634,12.783637138566924,3.926505164866023,0
13.369755632678434,34.88811342770219,1006.2596796888922,24.970906189829847,97.72838231769293,1
30.836488149832878,84.21146478365684,994.0984042997571,24.169464160900258,24.23536951367623,2
4.263930125350872,56.65495093903141,1022.2922606026029,6.729556765605787,66.33107095040019,1
3.0055112694323505,58.637509766828416,1029.027688520935,6.7823721303168805,83.90996987996115,1
29.127550248144132,30.6783977932755,1012.7858189646709,24.519159366397105,55.066045923656425,1
19.81965264824794,26.44812110056997,1038.0221165153687,27.911952605079765,15.31445000839562,0
27.53609585710944,78.23514455790121,983.1001232994777,2.8608276381901065,72.81164373361663,1
17.39309354414985,59.716892188423984,1010.2877358982716,13.501759182786758,60.025141009958304,1
9.856081329564272,54.948056209214364,1023.107236839353,10.12362836892687,73.12505893473751,1
32.764092706967986,78.36065829219174,1031.7584282689506,26.12065366372318,76.97466228570872,1
31.97663515875917,81.24103191928879,990.7553367144674,2.505747440400563,97.54103676847451,2
27.787858834177072,32.71265341354828,1028.000208905821,6.333778276741122,57.356328002671,1
10.885805489198507,68.8180119582113,1013.1624245431127,22.57405012759483,34.164111269060186,3
23.609226674763484,30.828326582214842,1003.7932209193978,1.5388154694364675,64.8464556900237,1
14.438955877601071,80.11000688232366,987.9029017147457,14.776061421428677,6.844070924262613,2
3.663282933065366,72.55641250137117,1031.9177455345348,13.2632110403916,89.73973183215863,1
36.692543018489715,96.52916968667664,989.436392490783,10.03203536966246,11.938101133819679,2
5.472745236758456,25.516641308513694,998.587271552546,11.837169459567713,32.784283788581824,1
38.0094941528321,24.564377692100344,997.4027319177462,15.898217607906988,81.57453806261209,1
17.84023091831823,42.57496597545601,1032.2848420514513,4.841020751651493,59.731237833071184,1
